https://www.flyingv.cc/project/8826,13陪伴 藝起響應—— 輔大愛狗社桌曆募資計劃,輔仁大學DoggyClub,我們是輔仁大學志工團隊愛狗社（DoggyClub），多年來致力讓住在輔大校園的狗狗貓貓們擁有穩定的生活與醫療資源。今年，透過與藝術設計界的合作，我們發起了全新面貌的募資活動，盼能保障毛孩子們下一年度的生活與醫療資金。,"$252,281","252,281 / 30,000",840.94%, 剩餘 11 天
https://www.flyingv.cc/project/6499,《蕉香海豚寶寶》新生寶寶好好睡，新手爸媽不會累,量子音樂實驗室,科學有效的方法安撫小孩，模擬子宮的聲音，寶寶就會立即不哭鬧，就像躺在媽媽肚子一樣溫暖。台灣設計研發，高品質音樂，收錄古典樂名曲，和來自大自然的聲音以及微亮燈光，音樂和聲音能增強寶寶的聽覺，並且刺激感官，陪伴寶寶，使寶寶找到了安全感，學會自己逐漸進入夢鄉，蕉你有效的安撫寶寶，安心舒適一夜好眠，蕉香海豚寶寶是寶寶陪睡的好朋友，有著閃亮的腮紅，外型討喜可愛，柔軟的材質增強舒適感與安全感，深入寶寶心窩裏，讓寶寶安心入眠。,"$1,040,646","1,040,646 / 200,000",520.32%, 最後 58 小時
https://www.flyingv.cc/project/8665,蟻走星球－你的桌上療癒微生態,螞蟻帝國,有別於一般寵物，螞蟻飼養可以給我們更不同的觀察體驗，透過螞蟻飼養與觀察能夠讓我們更了解到螞蟻的神奇與有趣，並以正確的方式認識螞蟻以及世界上的任何一個物種，可以讓我們了解到不是針對單一物種的保護，而是應該要維持生態的平衡。,"$512,637","512,637 / 100,000",512.64%, 剩餘 7 天
https://www.flyingv.cc/project/8096,MCM完美的智慧型充電器－摩奇客 MOGICS,MOGICS,我們希望去幫使用者思考的更多，包含便利性，多功能性，和可擴展性的元素。我們想提出一個全新的構想，希望開發出一個更聰明並且在使用上有著高效率及方便收納能讓空間更整潔可維持個人空間的生活美學的智慧型充電器 MOGICS MCM Charger。,"$104,060","104,060 / 30,000",346.87%, 剩餘 30 天
https://www.flyingv.cc/project/8446,回聲樂團《少年的最後旅行》10 週年計畫,回聲樂團 Echo,成軍 15 年，回聲樂團向來是獨立樂界的重要指標、是許多搖滾樂迷青春的印記，但明年起，他們將暫別舞台。在這之前，他們遠赴倫敦傳奇錄音室 Abbey Road Studio，將重新發行絕版已久的《少年的最後旅行》黑膠唱片，並舉辦北中南巡迴。這是少年的最後旅行，謝謝大家多年的陪伴，這次也請和回聲一起完成這趟旅程。,"$848,128","848,128 / 300,000",282.71%, 剩餘 24 天
https://www.flyingv.cc/project/8229,閃靈 2015 大型演唱會—鎮魂護國,閃靈 CHTHONIC,【鎮魂護國】演唱會意義非凡，因為： 因為，這段時間閃靈演唱會幾乎都在歐美各國、日本，但其實台灣才是我們創作的泉源和緊密相連的脈動！  因為，今年的反黑箱課綱運動，教育部廣場的學生撤場的前一夜，我們應邀到現場短暫的簡易不插電演出，看著許多從未有機會來參加閃靈演唱會的中學生們合唱著歌詞「千萬人 拚袂退 勇者無敵」，我們感動，尤其在成軍20年的現在，真的好想為大家好好的唱一次，好想吼，好想炸！,"$3,314,364","3,314,364 / 1,500,000",220.96%, 剩餘 38 天
https://www.flyingv.cc/project/8371,消失中的部落寶藏，重建老七佳石板屋,郭東雄,老七佳部落，目前台灣僅存最完整的排灣族石板屋聚落，不只是文化資產，這裡是族人的老家。但是老家的屋頂成受不了歲月而坍塌，部落協會必須承接排灣族的傳統互助精神，幫助有困難的族人，重建老家的石板屋，留住消失中的記憶。,"$235,400","235,400 / 138,000",170.58%, 剩餘 27 天
https://www.flyingv.cc/project/8526,石好靈淨水石－隨時隨地喝好水,PROVEN BIOTECH,「水煮沸了，就沒有雜質了嗎？」 「水塔清了，水就乾淨了嗎？」 「買水喝，身體就沒有負擔了嗎？」  獲專利認證的石好靈，使用稻殼、陶土與天然礦石，製作出環保、便利攜帶的殺菌淨水石，能有效吸附水中多餘物質，就像帶了一台濾水器出門，隨時隨地喝好水。   用石好靈淨水石開啟良善循環的夢想，已經啟動。千萬不要輕忽自己的影響力，每一個人都可以改變世界，加油！,"$410,931","410,931 / 300,000",136.98%, 剩餘 10 天
https://www.flyingv.cc/project/8392,Soft Explosions 光跡地圖藝術創作計畫,2700K,這是一項藝術計畫。藉由分享小燈，讓每個參與者的腳步如星火般，緩慢綻放成一場柔軟的煙火,"$6,350","6,350 / 5,000",127.00%, 剩餘 36 天
https://www.flyingv.cc/project/8936,iSolo | 微型無線樂器麥克風 | 吉他收音專用,iSolo - 樂器行動錄音室,iSolo微型樂器麥克風，專為音樂人量身打造的整合型無線收音設備。不需複雜安裝，隨貼即用不傷琴。一“鍵”使用無線收音、錄音功能，讓樂手能隨時隨地自在演出，輕鬆錄！iSolo- Showtime always! ,"$109,882","109,882 / 100,000",109.88%, 剩餘 18 天
https://www.flyingv.cc/project/6948,咖啡香的背後~麻布袋重生,媽媽樂 x GS Line,根據海關統計資料，近年咖啡豆進口量每年達2.17萬公噸，假使每個麻布袋可裝30公斤生咖啡豆，每年約70萬個麻布袋來到台灣。 拆封後的麻布袋去哪裡了？是怎麼處理的呢？是焚燒、掩埋還是能有效回收再利用呢？黃麻是天然纖維之一，如果裝咖啡豆的麻布袋能夠再次利用，除了可以減少焚燒時產生的空氣污染，使用過後的麻布製品又能被自然環境分解，這樣的消費過程可以形成最友善的循環。 一群媽媽們發揮了她們的巧思，將資源再利用做成商品，特立獨行的設計，影響生產者走向綠色生產。希望減少廢棄物產生，促進物質回收再利用，減輕環境負荷，以建立資源永續利用。,"$109,195","109,195 / 100,000",109.19%, 剩餘 10 天
https://www.flyingv.cc/project/8484,書：10件事，讓長者認識「網路世界」,DreamStartsAt40,您家裡的長輩懼怕享受網路世界與科技帶來的方便嗎？  我們將翻譯出版一本專為年長者撰寫簡介21世紀科技的書籍，讓長輩們快速了解21世紀「網路世界」。,"$145,462","145,462 / 135,000",107.75%, 最後 58 小時
https://www.flyingv.cc/project/8304,北一女儀隊青春告白-專書出版計畫,北一女中樂儀旗隊永續發展協會,50年來第一本北一女儀隊青春紀實! 這支聞名世界的隊伍，除了精湛的技術外，還有獨特精神文化、半世紀來演變的軌跡、千名17歲綠衣少女交織而成的青春故事，是台灣學生儀隊的活歷史，更是台灣寶貴的文化資產，值得保存。,"$208,901","208,901 / 200,000",104.45%, 剩餘 16 天
https://www.flyingv.cc/project/8669,《河壩》環境劇場：讓河流繼續歌唱,老寮背包空間,「河壩」環境劇場，是由南庄在地鄉親以及專業劇場工作者共同組織而成的社區劇場，我們受到客家歌手陳永淘在峨嵋湖舉辦《河婆劇》的啟發，決定在今年10月24號於中港溪的發源地，南庄，舉辦一場由在地居民參與，但表演形式專業的環境劇場，重新編織客庄與河壩的美好叢結。 ,"$92,599","92,599 / 100,000",92.60%, 剩餘 8 天
https://www.flyingv.cc/project/7997,《秋蓮》數位修復需要您的贊助！- 再現鳳飛飛銀幕風采,財團法人國家電影中心,此為國民歌后鳳飛飛繼《春寒》之後的第二部大螢幕電影演出，男主角亦是《春寒》裡的梁修身，兩人再次攜手演出淒美的愛情故事  片中亦有許多歌曲，主題曲〈又見秋蓮〉、插曲〈小路上〉及〈我們的春天〉， 收錄於歌林發行之專輯〈又見秋蓮〉  其經歷與《春寒》大致相同，同為民國68年上映(經歷35個年頭)，同樣僅存兩支膠卷拷貝，但《秋蓮》這兩支僅存的拷貝經過時間摧殘，損毀狀況比春寒更加嚴重，除更多的刮痕及更嚴重的褪色，還多了膠卷外觀齒孔的損毀，但繼《春寒》修復之後經驗，本中心更加決心將這部《秋蓮》重回大螢幕，讓巨星風采一舊能重回過去時光,"$1,002,301","1,002,301 / 1,500,000",66.82%, 剩餘 5 天
https://www.flyingv.cc/project/8864,化裝舞會-不分顏色的完美世界2016月曆,孜,在各種國家、任何職業、甚至朋友圈，我們很重視外觀給人的印象，當我們看到長得粗獷、穿黑色衣服、紋身、戴太陽眼鏡，我們會覺得他是黑社會人物，又或是看到一個背影瘦瘦的，穿著裙子的人，就百分之百認定他是女生，但是如果我們將外表改變一下，人們看起來又會是另一個人，那內心呢？外表如何改變，我們內心都是一樣嗎？ 基於這樣的好奇，藝術家Jean SCUDERI創造了一系列的彩繪攝影作品。 裡面所有的參與者都是居住在台灣的居民，他們認同這個計畫因此參與這個計畫，因此啟動了不分顏色的美好世界月曆計畫。 ,"$21,450","21,450 / 33,000",65.00%, 剩餘 38 天
https://www.flyingv.cc/project/8775,《御界神紀》新感覺玩法手機遊戲,道長 Sadinfish,《御界神紀》是由獨立遊戲團隊「未完童話」開發的原創遊戲系列，是以古今東西各種神話體系大亂鬥為主題的RPG遊戲，全新作品會在手機平台上推出，這次加入了新感覺的「即時疊換式玩法」，玩家們要視戰況滑動版面指揮角色們行動，希望可以帶給玩家們全新的體驗！,"$123,000","123,000 / 200,000",61.50%, 剩餘 11 天
https://www.flyingv.cc/project/8666,建設憨兒夢想之家: 救救無依老憨兒,迦南身心障礙養護院,身障者父母一生的牽掛，就是擔心如果有一天他們病了、老了， 他們的身障孩子怎麼辦? 教養院不收老的，植物人中心不收會動的，那老憨兒怎麼辦呢？社會上有很多例子，家人會帶著身障者同歸於盡，你我有能力避免悲劇再次發生。 ,"$1,044,332","1,044,332 / 1,800,000",58.02%, 剩餘 42 天
https://www.flyingv.cc/project/8630,寵物胸背衣套組 Orange Blinks Pets Harness,Orange Blinks,"★用愛打造時尚，用關懷打扮寵物，用體貼營造美感，Mix&Match的混搭概念，讓寵物配件更富趣味與現代感。 Fashion for Dogs, made for Love.We create vogue for Pets Accessory with Mix&Match style. ★","$54,400","54,400 / 100,000",54.40%, 剩餘 8 天
https://www.flyingv.cc/project/8300,島呼冊店-在嘉生活的行動基地,翻轉嘉義工作隊,我們是翻轉嘉義工作隊，是一群選擇留在嘉義生活的年輕人。我們想在這棟60年的老木屋，經營一個在嘉生活的聚點，結合豆香（農業）、書香（閱讀）、生活（議題）的「島呼冊店」。島呼冊店，台語諧音「豆腐書店」。面對逐漸被破壞的台灣，我們想創造一個友善環境、讓知識流動的空間，從一塊豆腐跟一本書開始，作為接下來的計畫。,"$72,600","72,600 / 150,000",48.40%, 剩餘 45 天
https://www.flyingv.cc/project/8838,Change Christmas x Strangers,張聖誕,我們期待交換禮物這個節慶的活動不單單只是朋友間的慶祝遊戲。透過陌生人與陌生人間的交換禮物活動，將疏離城市中的陌生人連結起。在交換禮物的過程中，人們重新找回童年期待聖誕禮物的興奮期待。陌生人的參與，在城市裡串聯起你我彼此，給予大家一個溫暖的聖誕節。,"$23,463","23,463 / 50,000",46.93%, 剩餘 18 天
https://www.flyingv.cc/project/8974,Soyee，點一盞燈讓你愛上回家的感覺,soyee,HELLO，我們是台灣手工燈飾品牌 Soyee®，設計簡約而俐落能為生活中帶來快樂的精神，我們設計的魅力來自於 [ 人 ] 與 [ 設計 ] 連結的無限力量！在理性與感性中，成就手作工藝與設計的靈魂。  Soyee 是父親草創時期的燈飾代工廠名稱，無奈產業的轉移讓父親疲勞奔波於兩岸也有二十年了，一家見證了燈飾行業在台灣的興盛與衰落，父親在家人歸鄉期盼下也決定將所有資源帶回台灣重新開始。  為了延續父親對產業的情感，讀設計的兩姊妹決定牽手改變代工廠的命運，和具有機械背景的夥伴們一起組成了小團隊，Soyee (守藝的諧音) 則成為我們的自創品牌 Logo，期許創造每天需要的光源精神，也追求簡單又可以豐富生命的設計，最後堅持以質感去完成它。,"$92,132","92,132 / 200,000",46.07%, 剩餘 38 天
https://www.flyingv.cc/project/8339,｛貝貝五十音｝學習海報生成募資計劃,Tsao WenZee,老是記不起來的五十音，讓我用圖像記憶來征服妮！ 艸文子插畫創作｛貝貝五十音｝使用圖像記憶征服五十音，是您無痛記憶的最佳利器！,"$61,450","61,450 / 150,000",40.97%, 最後 34 小時
https://www.flyingv.cc/project/8681,逐樂尋夢 唱所欲為：印度孩童音樂計畫,Christine Chang張以真,音樂，是一個世界的共通語言，更是印度人們訴說生命故事。在一個社會遺棄的貧民窟裡，也有著一群孩童用著音樂歌頌生命，卻從未被聽見。於是這個計畫在他們的嗓音下誕生，為他們募集樂器，並實地到印度為他們錄製ＣＤ，回台後愛心義賣，讓孩子們的教育不再遙不可及   ,"$64,800","64,800 / 160,000",40.50%, 剩餘 49 天
https://www.flyingv.cc/project/8759,【少女性愛官能症】手天使公益募款計畫,西紅柿非主流放映,「我們都是障礙者。」  作為台灣第一個倡議身障者性權的團體，手天使團隊兩年來仰賴義工付出時間與金錢，服務了四名身障者。今年，藉由聚焦於智能障礙者性慾的電影《少女性愛官能症》，期待能透過電影文化，讓社會更注重身障者性權。,"$62,154","62,154 / 200,000",31.08%, 剩餘 24 天
https://www.flyingv.cc/project/8691,《30 30》跨時代紀錄片 首波集資行動,30 30,30歲的我們，正在記錄30個30歲台灣人的故事。主角來自各縣市，有不同背景、現況、困境和夢想。 我們不只今年拍，還將用自己的人生，隨著同一批主角一起成長，每隔十年重啟拍攝，跟著他們踏入40歲、50歲、60歲、……一輩子，呈現完整的人生歷程和台灣社會的時代軌跡。 這是一部獻給台灣年輕世代的劃時代作品！,"$92,630","92,630 / 303,030",30.57%, 剩餘 32 天
https://www.flyingv.cc/project/8707,Mr. Bartender 第二季全新影集創作募資計畫,SELF PICK ,Selfpick是愛說故事的伙伴，我們藉由Mr. Bartneder真切的說出新世代年輕人在工作、愛情與生活上的心情。  我們為什麼要拍影集？因為我們期待著更高品質的網路影音內容，而非只是搞笑短片、宅男女神等影像。網路的世代沒有侷限，正因如此我們更用心製作高品質影音內容，期望推播至全亞洲，讓大家看見台灣也能製作精緻網路影集的實力。,"$151,130","151,130 / 500,000",30.23%, 剩餘 36 天
https://www.flyingv.cc/project/9116,冲天紀錄片- 院線上映集資計劃,CNEX,《青春不回，史詩永駐》  《冲天》，是一部描述1937到1945的八年對日抗戰期間中華民國空軍的紀錄片，橫跨中港台三地拍攝，訪問了近四十位當年曾經參與作戰的飛行員與其眷屬，希望從不同以往的人性角度來重新回顧這場戰爭。  2015年適逢二次大戰結束七十周年，中華民國空軍，在太平洋西岸的對日抗戰扮演相當關鍵的角色，當時正是因為日軍受到中華民國國軍牽制，才無法向歐美擴張侵略。然而世人對大戰歷史的認識多半以陸軍為主，較少有影片著眼於同樣出生入死的空軍健兒，那些曾經親身參與作戰當年二、三十歲的青年們，如今都在百歲左右，許多人更已辭世多時，然而我們有幸採訪到，抗戰期間出了52次任務的戰鬥機駕駛，現年高齡102歲的李繼賢中尉與其他令人欽佩的前飛官戰將們，透過《沖天》我們得以與這場人類史上最具規模的戰爭，重新產生強烈的情感連結，看著當年迫於時代，為國犧牲的一張張年輕臉龐，不禁反問自己，現在的我們願意為了什麼而犧牲呢？ ,"$29,670","29,670 / 100,000",29.67%, 剩餘 30 天
https://www.flyingv.cc/project/8260,一場『 攝影 博覽會』 Taipei Art Photo Show,TAPS團隊,博覽會是一個名詞，代表的是一個發酵的場所。在這裡影像和創作的思考可以進行交流和對話，用創作的語彙和眼光欣賞及感受攝影。發酵就有無限的可能，所以我們舉辦博覽會，一場攝影的博覽會，一場希望所有對影像了解、好奇、甚至感到疑惑的大眾都能共同參與欣賞、交流及收藏的攝影饗宴。,"$54,424","54,424 / 200,000",27.21%, 最後 58 小時
https://www.flyingv.cc/project/8972,政治風暴-關於台灣政治的紙牌遊戲(馬來西亞POLITIKO授權改版）,YenFu,馬來西亞熱銷紙牌遊戲POLITIKO，曾被CNN和其他媒體大力報導，經台灣設計團隊與馬來西亞合作，改版成為台灣版的紙牌遊戲：政治風暴。享受當台灣政黨領袖的刺激感！,"$33,810","33,810 / 130,000",26.01%, 剩餘 38 天
https://www.flyingv.cc/project/9005,PackChair 盾牌 X 椅子 X 背包,Pj Wu,Pack chair提供您可隨身攜帶坐著休憩的椅子與強壯的防衛盾牌，讓您能輕鬆悠閒的探索城市的每個角落。Pack chair把每個您想要探索的城市都變成您的悠閒角落。,"$167,600","167,600 / 650,000",25.78%, 剩餘 48 天
https://www.flyingv.cc/project/9018,餐桌上的家鄉 第二季 ─ 我們的南國料理和故事,南洋風,餐桌上的家鄉藉由一系列南洋料理烹飪課程，帶大家認識食物後頭的歷史、文化和人。 這一次，我們希望透過更多的認識活動和城市導覽，帶大家一起從餐桌走進姊妹的家鄉！ ,"$15,300","15,300 / 70,000",21.86%, 剩餘 32 天
https://www.flyingv.cc/project/8789,乙下丙申肖猴農民曆手記本,乙下,乙下借用農民曆的韻味、元素與格式，製作農民曆手記本(手帳)。裡頭有充滿敬意地繪畫與版面設計，以及用心蒐集撰寫的每日事項、每週今玉良言。 希望不只是對於農民曆嫻熟的長輩，也讓更多人可以隨手使用那樣神秘又有趣的玩意兒。,"$14,575","14,575 / 70,000",20.82%, 剩餘 25 天
https://www.flyingv.cc/project/8301,百衲即家-友善街友推廣計畫,百衲即家,現今台灣的社會回溯於1920時期人民建立了自我認同、迎向了世界潮流、創造了進步文化，以促進文化啟蒙與民族運動為目的的年代，而我們期望重啟當時的精神，以包容弱勢族群，改變台灣對街友的刻板印象，創造出對街友充滿友善的環境。,"$6,066","6,066 / 30,000",20.22%, 剩餘 8 天
https://www.flyingv.cc/project/8703,【心路基金會x鹿窯菇事】用愛陪孩子走一生的路,鹿窯菇事,在心路基金會接受療育及照護的孩子們，裡面每一個，都是心路的寶貝。 如果你也喜歡這支影片或是本次活動，請幫忙分享，讓更多人可以了解智能障礙者成長路上的努力與辛苦...， 也讓更多的人，能夠加入扶持智能障礙者的行列。 ,"$10,000","10,000 / 50,000",20.00%, 剩餘 32 天
https://www.flyingv.cc/project/8550,蘇育霆《99%的愛》專輯募資計畫,蘇育霆,這張專輯標題是「99%的愛」。在科學上，人體的組成是70%的水及其他物質，不過我認為生命是由100%的愛組成。人從出生的那一刻開始被喜歡，被愛，從家人的愛開始，長大後會得到更多人的喜歡和愛，甚至到相守的情人。我們同時也付出很多愛給別人，然而得到和付出這麼多愛的過程，卻往往忘記怎麼愛自己。因此遺失那1%的愛，於是我們不斷在尋找，讓自己更完整。這張專輯是一個出發點，想和大家分享人生中，自己和身邊的人關於愛的故事。 ,"$57,488","57,488 / 300,000",19.16%, 剩餘 25 天
https://www.flyingv.cc/project/8171,Jelloon戲水護身符，危急時助您一臂之力,捷樂活,溺水事件頻傳，往往造成數個家庭無法挽回的傷痛；因此捷樂活開始深思是否可以設計一款攜帶輕便，提供及時協助的產品，讓民眾至水邊戲水時，有一個緊急備用品使用。 因此，捷力龍自動充氣魚雷浮標(JB101M)孕育而生，平時收納後體積只有15.5*8*5(CM)，遇到突發狀況時拉開擊發器，即可自動充氣。 ,"$14,560","14,560 / 80,000",18.20%, 剩餘 25 天
https://www.flyingv.cc/project/8522,個人出版募資計劃-我想要有五百個人買我的書，讓大家認識我。,周其樂,我是周其樂，是個面臨死亡的殘障患者，我想要實現一個夢想，我想要最少有500個人買我的書，讓大家認識台灣曾經有一個作家叫做周其樂。也想在我離開這個世界之前，留一筆錢給我媽媽，讓她可以暫時休息一段時間。個人出版書籍，對沒有工作能力的我來說，是不可能實現的夢，所以我需要您的幫忙。小樂。,"$8,400","8,400 / 50,000",16.80%, 剩餘 35 天
https://www.flyingv.cc/project/8546,2015 新複合式自拍神器！,HominChen,新一代 多功能自拍神器  抱怨自拍杆只有拍照鈕嗎？ 抱怨手機拍照也只想讓你按拍照鈕嗎？ 抱怨照片永遠要做後修飾嗎？  改變  從這秒開始！,"$33,310","33,310 / 200,000",16.66%, 剩餘 36 天
https://www.flyingv.cc/project/8316,智能LED蠟燭燈,楊志良,"這是一款新型的LED照明蠟燭,通過移動設備藍牙連接,使用對蠟燭灯光開關 ,明暗度及顏色變化進行操控,還有多種趣味模式及定時開關功能,適用於藍 牙4.0的蘋果設備,和安卓4.3及更高版本的設備 ","$7,580","7,580 / 50,000",15.16%, 最後 82 小時
https://www.flyingv.cc/project/8880,波多野結衣、沖田杏梨 3D 擬人公仔國際版募資計畫 ! ,世華文創,「愛與和平」很簡單；只要有愛，和平就會來。 2015 夏初，與日本商社討論：如何讓女優化身成愛與和平，美麗與動力的意象，讓更多人接受與感動呢？3D擬真女優公仔是一個消弭紛爭與撫慰人心的力量。 秉持著「量少質精」的作風，讓3D擬真女優公仔變得更有價值，值得收藏與紀念那年我們曾經迷戀的青春印記。 ,"$102,670","102,670 / 700,000",14.67%, 剩餘 13 天
https://www.flyingv.cc/project/8132,臺灣書市從未出現過的書！ 漫遊書,我我設計工作室,日本漫畫伴隨很多人一起成長， 豐富多元的題材，讓讀者從中領略日本文化精神， 無數的翻譯本，更讓全世界的漫畫迷瘋迷日本。  所以，我們想做一件事， 一件可將「臺灣島嶼上的故事」介紹給更多人的事， 一件讓更多人愛上臺灣的事……  於是，我們設計了一套書， 一套臺灣書市從未出現過的書！  最終，我們想圓一個夢， 一個讓世界各角落都能看見臺灣的夢……  邀您，一起作夢！,"$50,486","50,486 / 350,000",14.42%, 剩餘 60 天
https://www.flyingv.cc/project/8672,滾誕音樂節 Get Out Festival,滾誕音樂節,東海大學搖滾音樂研究社從2005年開始邀請國內樂團演出，2013年正式命名為「滾誕音樂節」，今年已經邁入第十年了。在台灣，大大小小的音樂節如雨後春筍般冒出，滾誕音樂節十年來主要由學生一手策劃舉辦，雖然還有非常大的成長空間，但希望即將邁入下一個階段的我們，在今年能夠帶給大家全新的感受。 ,"$13,500","13,500 / 100,000",13.50%, 剩餘 24 天
https://www.flyingv.cc/project/9017,看不見的前方，看得見的希望─視障生課後照護輔導,台北市視障者家長協會,人類的學習管道有80%來自於眼睛，失去視力的孩子，等於在學習的起跑點上就落後正常孩子一大截，對視障的學童而言，並不是他們不肯學習，也不是他們沒有能力學習，只是需要比正常孩子多花好幾倍的時間與精神，才能建立起一般人的認知概念。 對於視覺障礙學生的學習落差，最好的策略之一是提供個別化課後輔導。因視障學生的視覺狀況及年齡層都不一樣，在教學時若能採用一對一的方式，將能全面照顧視障學生的需求。,"$9,400","9,400 / 78,000",12.05%, 剩餘 33 天
https://www.flyingv.cc/project/8777,"Phyllis ONE, 結合靜與勁的電池直接驅動綜合擴大機",SonicScientific,我們革命性的電池直接驅動音頻放大器設計技術，提供了絕對純淨和無干擾的聲音。,"$120,000","120,000 / 1,000,000",12.00%, 剩餘 36 天
https://www.flyingv.cc/project/8310,【藏蜜】飲食微革命—翻轉傳統新良食,藏蜜,大家都知道蜂蜜的好，各式各樣的報導與文章，都述說著蜂蜜對人體的益處， 花樣繁多的蜂蜜相關產品也應運而生。 但是，有人真正關心買到的蜂蜜是從哪裡來嗎？ 蜂蜜的來源，不僅關係純度，更影響吃的健康。 當人們開始關心吃的安心，注意蜂蜜的來源，看到台灣在地純蜂蜜的好。 那是藏蜜希望與大家分享的，真正M.I.T.，能追本朔源的蜂蜜產品。,"$5,855","5,855 / 50,000",11.71%, 剩餘 25 天
https://www.flyingv.cc/project/7488,《女人的房間》手工限量攝影裝置書,怡平彭,在法國念藝術時，看了許多法國的攝影集，其做工之精美，難以比擬。近年在大陸發展，出版了多本著作，因此對大陸出版業也稍有了解，大陸對於出版不但高成本的投入，出版業的發展也漸漸凌駕於台灣之上。  台灣一直缺乏高質感的攝影集，因此我希望可以為台灣攝影集的出版開創新的局面，計畫於今年夏天結束後，推出我在台灣的第一本手工攝影集，印刷規格與原作相等，限量發行200本，希望能為台灣的攝影界帶來新的活力與創新。 ,$900,"900 / 10,000",9.00%, 剩餘 22 天
https://www.flyingv.cc/project/8763,DEFOGGER 乾式防霧擦拭布,張毓哲,"緣由: 眼鏡族防霧大作戰  過程: 1, 參考國外類似產品, 並採購樣品研究測試,           2, 開始尋找國內外願意配合的藥劑廠商,          3, 選擇適當的防霧分子轉移的媒介          4, 思考與研究製程, 並採購小批量生產機器設備          5, 參考歐規與美規ASTM防霧測試標準          6, 不斷進行生產流程的檢驗, 操作方式驗證, 與完成品測試!          7, 降低不良率, 並持續提升防霧效能!          8, 尋找適合的包裝包材          9, 行銷策略與銷售方式","$7,901","7,901 / 100,000",7.90%, 剩餘 49 天
https://www.flyingv.cc/project/8698,讓台灣站上世界的舞台，助三位國中生圓機器人夢!,Jeffery Cheng,三位年紀均14歲的國中生，在第十二屆的WRO國際奧林匹克機器人，獲得台灣代表權，讓世界看到台灣。在數學，物理，機械，程式各方面優異，不管是機器人的結構製作，程式邏輯的判斷，或是計算機器人的慣性和速度，這三位國中生都要求到完美，盡力做到最好。在短時間內要解出當場多出的題目並對場地的些微差距的臨時反映對他們絕對不簡單，然而他們從未想要放棄。今天，他們不管是速度，準確度都達到數一數二的程度。赴今年2015WRO世界賽，他們將前去卡達，為台灣爭光，讓世界看見台灣。,"$3,300","3,300 / 50,000",6.60%, 剩餘 33 天
https://www.flyingv.cc/project/8784,《托比與波波》一本帶給孩子〝自由〞初體驗的教育繪本,Sparklin文化創意工作室,透過繪本 藉由簡單易懂的故事傳遞複雜的概念 讓孩子建立正確的核心價值  《托比與波波》的〝自由〞初體驗 這本書的故事是在一個充滿高科技、所有事物都被程式操控的世界。因為人類對於傳統文化的緬懷，而出現了一個充滿〝懷舊文化〞的遊樂園，但不同的是，所有的〝傳統〞都被機器人給操控著。 有一天充滿歡樂的遊樂園中，廣場上一個操偶師機器人- 托比 (Tobi) 與他的木偶夥伴- 波波 (Bobo)，如同以往地照著被程式設定好的任務在園中表演。突然，木偶不受控制，托比驚訝地發現，這個木偶波波竟然會自己行動…… 兩人發生了激烈爭執，靈巧的波波成功絆倒了托比，木偶波波歡慶自己的勝利與自由，正得意自己可以隨心所欲了，但是…等等……觀眾竟滿臉困惑，紛紛離去…… 故事中兩人慢慢體會到對彼此的尊重、快樂的價值，並一起探索自由的真諦。 這本書主要以豐富的視覺插畫描述故事，原文為英文，適合英文學習者，亦有中文翻譯版，主要適合4~10歲的學齡兒童閱讀。書的後面也設計伴隨著一些關於故事內容的相關學習與教育方法，歡迎父母和老師一起伴讀，讓孩子更能體會書中的樂趣和對於探討議題的生活連結與應用。   讓孩子擁抱正確價值觀，無處不自在 我們從小都愛聽爸爸媽媽說故事，是故事陪伴著長大的，待我們成年了，換我們成了說故事的人，透過故事，我們和父母、和孩子建立聯繫，透過故事我們傳遞教育以及對孩子未來的期待。 這本書希望藉由簡單好玩的故事，傳達較複雜的概念。在娛樂與閱讀中，讓孩子有效的學習與連結。我們相信教育的目地是培育孩子正確的價值觀，而不是教條規範下的訓導。擁有正確價值觀的孩子，走到哪都能明辨是非，做出合乎和諧的行為，人見人愛。,"$8,477","8,477 / 140,000",6.05%, 剩餘 42 天
https://www.flyingv.cc/project/8354,創作品: 功能型快速衣架,陳郭為,                                                                                                                       透過群眾募資能預先掌握生產量、有效降低開模、庫存的負擔，則可募取資金、順利執行計劃過程中也能達到推廣、宣傳和行銷效果，群眾募資成功的實績，也是向其他單位推廣尋求合作、投資時最好的成績單。  ,"$25,380","25,380 / 500,000",5.08%, 剩餘 44 天
https://www.flyingv.cc/project/8837,愛守護希望~身心障礙守護天使方案,仁愛社會福利基金會,身心障礙天使，是上天賜與世界的寶貝，人們在他們身上學習愛、學習關懷、學習付出。 感謝您用愛守護天使們的學習夢想， 有您的支持相伴，給予他們豐富多元的人生， 沿途每一步，風光明媚、繁花盛開；而未來，充滿希望！,"$2,700","2,700 / 60,000",4.50%, 剩餘 58 天
https://www.flyingv.cc/project/8710,【 HELLO，泥好！】帶來溫暖的水泥盆栽,泥好 水泥製所,你好，我們熱愛水泥，我們將水泥創造出各種可能，不再只是蓋房子、修補牆面等用途，運用其堅固與特有的質地，創造出水泥盆器，使原本灰冷冷的水泥變得有生命、有溫度，並成為生活中的一部份。,"$6,630","6,630 / 150,000",4.42%, 剩餘 26 天
https://www.flyingv.cc/project/8817,提倡食物不浪費，從發現醜蔬果的美味出發,翻食FUNFOOD,在台灣，賣相不佳的蔬果難免被丟棄， 造成資源浪費及農民損失，而此“經濟影響”非常可觀。 為了解決此問題，我們開始將醜蔬果做成製品，再用玩趣樂食的方式引起關注，希望讓大家憶起一件責無旁貸的事：”食物不浪費“。,"$6,400","6,400 / 150,000",4.27%, 剩餘 38 天
https://www.flyingv.cc/project/8788,當你想抱怨的時候 ─『客製化文學』,Haohao,這世界上每個人都會抱怨，卻不一定每個人都有可以抱怨的對象。『客製化文學』不只要聽你抱怨，還會給你回饋。,$200,"200 / 5,000",4.00%, 剩餘 36 天
https://www.flyingv.cc/project/8487,100分之外的舞台,台灣設計協會,每個孩子都是「大藝術家」。 如果你認同，但還沒有感受過，代表我們給孩子的空間太狹隘了！ 一起用策展來影響教育吧！ 我們已募得超收數量的兒童作品，正面臨佈展成本斥資的問題。 共需要300人小額資助，一起給孩子更廣的舞台。  ,"$10,000","10,000 / 300,000",3.33%, 剩餘 7 天
https://www.flyingv.cc/project/8349,「乘希望起飛」身心障礙者的第一場路跑,劉大潭希望工程關懷協會,全台2300萬人約有114萬身心障礙人士，平均每20人就有一個為身心障礙者，每七個家庭就有一位身心障礙人士，但我們生活周遭卻不常發現他們的存在； 「乘希望起飛」路跑活動，有別於一般路跑活動，除了鼓勵一般民眾攜 家帶眷來參加外，更設別增設身心障礙組，鼓勵各地身心障礙人士，能 夠走出戶外，實際體驗路跑的樂趣。 ,"$4,000","4,000 / 120,000",3.33%, 剩餘 44 天
https://www.flyingv.cc/project/8188,熊掌門-手作拌醬,Sean,大家好~我是熊掌門~我熱愛設計喜歡料理，所以我創造了夥伴做了老爸祕傳的美味手工拌醬，創作的過程很單純，創造後的滿足感很喜悅，我想將這份單純與喜悅傳遞給你並延續下去~,"$1,662","1,662 / 50,000",3.32%, 剩餘 24 天
https://www.flyingv.cc/project/8378,蒼白大地：部落興起,葉大鈞,蒼白大地：部落興起 一款佔地攻防式桌遊，結合了巡地圖，招喚屬性角色，進行領地的攻防，勝者為王；透過魔力點數的施放管理，配合咒語牌與結界牌的使用，讓領地攻防更富策略性。,"$2,770","2,770 / 85,000",3.26%, 剩餘 30 天
https://www.flyingv.cc/project/8705,Simple Artist plan 老屋藝文空間大改造,拾柒圓藝術工作室,瞧夫觀光計劃在勤美樸真藝術文化基金會的協助之下於台北古亭得到了一幢老屋，我們需要資金幫房子做大改造，將房子改造成為友善學生的藝術空間，期望能夠透過大眾的力量，一同建造屬於創作者與大眾的藝文空間。,"$5,996","5,996 / 200,000",3.00%, 剩餘 32 天
https://www.flyingv.cc/project/8902,黑潮甜有機水果玉米 | 來自台東被黑潮滋養香甜、多汁、美味的水果玉米,黑潮甜,"提供健康追求者,最清淨,好吃的有機水果玉米,永績經營清淨的土地.維護台灣的最後一片淨土.","$1,740","1,740 / 60,000",2.90%, 剩餘 56 天
https://www.flyingv.cc/project/9056,青年前進聯合國，守護台灣家園,台灣青年氣候聯盟(TWYCC),今年，2015，世界各國即將在巴黎簽署一份繼京都議定書後的新全球氣候協議，這份影響人類社會發展的新協議草案，將在未來10-15年強烈影響我們的生活。 各國人民已陸續發起行動要求自己的國家代表履行承諾，那台灣呢？  新協議的內容牽涉到各國未來經貿方式、戰略規劃改變以及社會文化的調適，並會深刻影響著我們的生活各層面。公民的意識提升和行動至關重要，每一個人的參與，都是重要的力量。  我們都是台灣這塊寶島的孩子，不希望看到極端災害如乾旱、颱風破壞台灣的環境，甚至奪走生命。今年是個改變的一年，台灣不應該還停留在宣導「隨手關燈」等口號，我們希望台灣能從國家層面制定政策來改善環境，希望全國上下真正意識到應對氣候變遷的緊急，進而做出行動。  今年TWYCC希望藉由政策分析、國內外各項串聯響應行動，讓人民開始對氣候有感、了解新公約、進一步要求政治人物正視氣候政策與承諾，如此台灣才能減低災害影響，且在氣候行動的腳步上，才不落後於國際。,"$3,600","3,600 / 150,000",2.40%, 剩餘 32 天
https://www.flyingv.cc/project/8505,用玩桌遊的熱情，融化人民的政治冷感【who’s in 合作無間】,淬民主,透過輕鬆有趣的桌遊，讓您能自然引導朋友初步接觸公眾議題、了解人民該如何抵制政客，因為，打破政治冷感的第一步，就是開始接觸,"$15,765","15,765 / 750,000",2.10%, 剩餘 28 天
https://www.flyingv.cc/project/8896,Mr.scissors & Ms.paper剪紙創作,MR.&MS.剪紙,用剪紙剪出生活、剪出故事．我希望創作的圖案不只是圖案，而是有溫度的、有故事的、深入人心的，讓人們都能夠感受到簡單而溫暖的力量．,"$3,720","3,720 / 250,000",1.49%, 剩餘 39 天
https://www.flyingv.cc/project/8930,透明農夫-致力於茶葉生產線初步透明化,楊志鴻,總計劃分為三步驟；“生產線透明化”是為第一步。預計將以影像揭開製茶生產線的面紗；利用生產線內的監視器輔以茶園dv拍攝、運送司機簽名保證等。藉此讓消費者可以了解生產線情形，並確保製造商無造假、無添加物、無併堆調配；同時更可以成為有利的產地證明。,"$3,776","3,776 / 303,913",1.24%, 剩餘 52 天
https://www.flyingv.cc/project/8643,地表最強 龍頭Bar,吳佾達,我們的研發團隊發現，客戶們常常為了水管和水龍頭之間的轉接方案選擇而傷透腦筋，因為轉接上的不便，讓水龍頭的功能擴充受到了很大的限制。 要是能找到一種萬用的轉接方案，這樣就可以在不改變原有的水龍頭、接頭形式的情況下，輕鬆串聯起生活中的各種用水需求，讓使用者能夠省去昂貴的安裝成本，更加貼近生活的使用習慣。,"$35,500","35,500 / 3,000,000",1.18%, 剩餘 40 天
https://www.flyingv.cc/project/8694,【街頭人民】1987-1995台灣街頭運動影像出版計畫,許伯鑫,簡單說，就是希望下一代的台灣人，不要再為找尋20世紀末台灣的歷史影像而苦惱。所以我想將自己早期拍攝台灣民主化中關鍵事件的街頭運動影像出版，為下一代留存一本台灣影像備忘錄。,"$4,701","4,701 / 400,000",1.18%, 剩餘 36 天
https://www.flyingv.cc/project/8719,戶外、行動、臨時、工作燈照明效率大躍進,Johson  Lin,組合燈具以世界獨家專利燈架技術，大幅提高發光效率、降低眩光的燈具；也是最多用途燈具。組合燈具可以做為戶外、行動、臨時、工作---燈具，而且具有燈具最重要的最佳照明效果功能。,"$3,290","3,290 / 800,000",0.41%, 剩餘 16 天
https://www.flyingv.cc/project/8883,WiFi 智能延長線(溫控),Further,WiFi 智能延長線，是一款新型家居自動控制所設計，可以在 Internet 或 Intranet 下使用。依硬體功能，可分為生活型與工程型。行動設備在連網條件下(2G/3G/4G/WiFi)，能對WiFi 智能延長線的設備，進行遠程控制。無論身在何處，都能隨心所欲控制您的家。,"$2,050","2,050 / 550,000",0.37%, 剩餘 42 天
https://www.flyingv.cc/project/7957,台灣本土咖啡《豆子飄香》,邱佩姍,        我們希望能夠透過我們自身計畫「豆子飄香」裡的2R構想─Review(回顧)、Regenerate(再生)為主軸，結合我們的專業領域及專長，以達到回顧當地咖啡歷史以及行銷宣傳的目的。,$100,"100 / 30,000",0.33%, 剩餘 53 天
https://www.flyingv.cc/project/8970,2015 球衣泡泡派對 Jersey Foam Party,Amazing.act,參加聯誼活動總是尷尬？參加夜店活動總是害怕？怎麼樣都不敢放開去嗨！就因為聯誼與夜店的傳統觀念，總覺得聯誼就是為了找另一半，大家都會以貌取人，夜店則是會有撿屍的誤解，擔心被壞人帶走！所以怎樣都無法放開去嗨～用真心認識新朋友！ 為了讓大家的能拋開傳統觀念，結交不同生活圈的新朋友，因此本團隊創造一個全新的娛樂活動，讓大家能歡樂之餘也能真心認識新朋友、放鬆心情、創造學校/工作外的娛樂話題，在這裡也要跟大家公開說明，本活動真心希望大家能帶著純交友、一起娛樂的心態參予，如活動圓滿成功，將會集結大家意見辦理不同主題的娛樂活動，因此我們需要大家的支持與贊助，分享這個計畫給親朋好友，把大家都揪進來一同創造無限的娛樂活動吧！   我們的Facebook粉絲專頁：https://www.facebook.com/Amazing.act ,$500,"500 / 170,000",0.29%, 剩餘 8 天
https://www.flyingv.cc/project/8457,In your shoes: 好穿又好玩的MIT襪品。,Ching,俗話說：「一雙好鞋會帶你走向美好的地方。」  「In your shoes」則相信：「一雙好襪可以點綴生活，還有防止磨破腳。」  因為喜歡穿襪子，在一年多前開始投入設計襪款的大千世界，從最初的4款設計中學習並改進；現在，我們準備好12雙襪子的設計藍圖。但是這次我們決定把「In your shoes」介紹給更多人認識。  襪子，除了好穿，還可以有趣；還可以傳達訊息。如果你喜歡我們的設計，來挑上一雙襪子，好好的散個步吧！:)　  ,$0,"0 / 100,000",0.00%, 剩餘 9 天
https://www.flyingv.cc/project/8996,簡單一貼，創造整齊的空間-Follia貼紙,林嵩堉,Follia貼紙是一款結合「教育性」、「裝飾性」及「功能性」的貼紙，利用Follia貼紙，便能幫助您輕鬆記住收納櫃、抽屜內繁多的日常生活用品，我們的貼紙結合的標籤紙分類的功能，可以貼黏在家具上，省去您親自寫標籤紙的麻煩，也改善標籤紙本身單調的外觀，利用一看就懂的圖案和鮮豔的色彩，讓分類與辨識不再是件麻煩的事情，使您更有系統地分類日常生活用品。簡單易懂的圖案，可以協助教育孩童，從小養成良好的收納習慣。,$0,"0 / 100,000",0.00%, 剩餘 60 天
https://www.flyingv.cc/project/8754,台灣辣Lé+A(禮盒)！台灣味！,辣市集,本計畫由研發MIT食品產品見長的辣市集食品，結合台灣20年以上食品大廠及35年包裝大廠，一同邀請熱愛台灣味的台灣同胞贊助以「辣味限定」、「全球首創」、「高端獨特」為訴求的《台灣辣Lé+A(禮盒)》！,$0,"0 / 100,000",0.00%, 剩餘 39 天
https://www.flyingv.cc/project/9016,X1– 最佳的醫美術前準備之3D骨骼模型列印機,Addwii 加我,減少整容醫療糾紛的最新利器－3D建模術前準備。 透過X1 3D骨骼模型列印機，協助醫美行業將術前的斷層掃描檔直接作成客製化的3D骨頭模型，幫助醫生做術前評估、更方便與病患及家屬溝通，也能大大提升手術的安全性與精確性、降低手術時間、降低傷口大小、並加快復原的時間。,$0,"0 / 2,559,000",0.00%, 剩餘 55 天
https://www.flyingv.cc/project/8770,3D金屬列印技術講座 — 滾吧! 出走計畫!,鳴泰實業,很多學校在玩3D列印，為什麼學生對3D金屬列印認知卻是少之又少、不了解? 台灣明明有相關設備，學生們為何只能在課本學習、親身接觸不到最新工業技術? 鳴泰實業要讓有意願的學子，在無論是否有管道的情況下去認識3D金屬列印。隨著3D金屬列印的愈趨普及與發展，台灣學子不能只停留在對一般塑料之認識，新的工業技術需要人才去接軌導入，人才的培養更需要時間養成。鳴泰要讓自己的資源分享給全台灣的學子，造就更多未來的新工業菁英、帶領台灣工業進入全新世代!!!,$0,"0 / 10,000",0.00%, 剩餘 32 天
https://www.flyingv.cc/project/9033,一畝田地//留下一片美景,Mayjo Liu,農田是臺灣最美的風景之一！ 但單靠我們薄弱的力量，是無法改變這些農地慢慢被建商收買的可能； 既然無法改變它未來的改變，那就先將這美景收藏起來！ ,$0,"0 / 300,000",0.00%, 最後 58 小時
https://www.flyingv.cc/project/8801,＜TAKAU桑＞--玉荷苞啤酒交朋友計劃,芳境合作社,我們用好水果釀出好啤酒，我們夠透過創新的產品來發揚本土農產，讓世界看見來自福爾摩沙的豐饒果產，品嚐台灣在地滋味的發酵奇蹟。。,$0,"0 / 49,999",0.00%, 剩餘 47 天
https://www.flyingv.cc/project/8614,多孔隙漂浮花盆,李東儒,市面上有許多景觀造景設計主要是讓環境更加美化，增添視覺上的感受，而美化設計主要是創造人為美，保存並修飾自然美；它必須集合許多材料，依其質感、形狀、色澤等變化多端的特性，設計者將這些特性按照美學的基本原則。產品的創意巧思不但突破一般水面上綠美化植栽的限制，也符合現代各國為了節能減碳就地球所推動的綠色產品理念。在空間設計的部分，景觀設計為其中之一，景觀設計中強調的是植物與整個環境的關係美學，遺漏了這區塊整個景觀將會顯的沒有生氣，因為植物所帶來的自然景像，可以使乾澀的景觀活潑起來，具有畫龍點睛的效果。在景觀設計裡包含了許多區塊，本團隊發現其中水上造景部分較單調、無變化，多以噴泉、泳池、旱溪、堤岸為主，而我們利用空氣在水中的向上浮力，以保特瓶做為浮體，獨立亦可以像積木般的組合而成為一種多采多姿的植栽畫面。其中的特色是不用直接接觸水面而怕植物根部爛掉。本團隊構思一種結構簡單、造價低、不用澆水與養護的漂浮式花盆。其技術考量内容包括：(1)一種密閉中空具有高浮力的花盆結構設計，(2)一種耐候性佳且可從浮體下面汲起適量的水分供植物吸收的多孔隙結構陶瓷，(3)下雨天時可將容器內的積水快速流出的排水機構。研究中我們發現沒有任何人工澆灌的前提下進行可行性評估，獲得是當水分而變得生氣盎然，隨後便花苞逐漸綻放且一直維持著美麗花開的畫面，這些結果證明了本創意構想的可行性。,$0,"0 / 100,000",0.00%, 剩餘 14 天
https://www.flyingv.cc/project/8657,平權世代，從新開始,台灣平權權益推動聯盟,在現今的社會當中，平權兩個字，想必大家都是特別的清楚，我們將要計畫以文宣已及明信片做為媒介，向大家說明平權的實質意義，並經由聯盟志工在全台做文宣的發放，聯盟目標為持續推動台灣相關平權法案，並經由文宣來達到協助大家認知實質平權價值 以避免因散布不實之內容導致對法案價值觀扭曲。,$0,"0 / 250,000",0.00%, 剩餘 41 天
