https://www.ptt.cc/bbs/creditcard/M.1446968168.A.DC2.html,creditcard,ljh792,[心得] 元大鑽金卡 無薪轉證明 核卡,ljh792,POST,[職業類別]：科技產業[工作年資]：2年半[年齡]：30[年收入]：400K[申請卡別]：元大鑽金MasterCard[提供之財力證明]：郵局近3個月收支明細 + 郵局420K定存單[有無貸款]：無[核卡額度]：50K[三個月內有無辦卡]：國泰哆啦A夢PLAY悠遊聯名白金卡JCB 30K[申請進度]：10/20 致電客服索取申請書+回郵信封10/23 收到申請書 當晚(週五)投紅色郵筒送件10/28 官網查詢顯示收件10/30 公司電話照會11/5  官網查詢進度已核卡11/8  去電客服索取自動扣繳授權書，並詢問進度、結帳日及額度      客服告知預計9日寄出卡片[心得]：30歲之前的我視信用卡為妖物在某次從事國泰業務的朋友介紹下辦了人生中的第一張卡之後便深深的愛上了信用卡逛卡版變成了我每天的樂趣之一後來發現悠遊聯名卡根本不符合我的消費習慣(不搭大眾運輸、不常去超商)當初只是覺得它卡面可愛深入了解才發現信用卡有這麼多種最後選擇了比較熱門的無腦卡由於公司發薪是領現金 所以沒有薪轉證明原本有一點小擔心會因此被打槍看過近期版上的鑽金心得文後信心增加不少 並且開始期待額度可以上看80K最終我想還是受到了無薪轉證明 及第一張超低額度卡的影響..--,2015/11/8,15:36:01,114.40.183.233,0
https://www.ptt.cc/bbs/creditcard/M.1446968168.A.DC2.html,creditcard,ljh792,[心得] 元大鑽金卡 無薪轉證明 核卡,libra,推,無薪轉證明，應該也有扣繳憑單吧？,2015/11/08,22:51,,1
https://www.ptt.cc/bbs/creditcard/M.1446968168.A.DC2.html,creditcard,ljh792,[心得] 元大鑽金卡 無薪轉證明 核卡,ljh792,REPLY,有去年的扣繳憑單 但是金額很低 怕拉低額度 就沒有附..,2015/11/8,,,2
https://www.ptt.cc/bbs/creditcard/M.1446950968.A.1E5.html,creditcard,willyylliw,[問題] 喜宴刷卡刷哪張卡好？,willyylliw,POST,各位大大高手好！小弟我在明年的105/1/3要刷卡支付飯店酒席費（因飯店用現金無優惠），需要刷65萬左右（個人信用ok)，目前本身和太太已有ANA會員卡（前陣子我們去ㄧ趟歐洲後，各有累積7000哩），我想請教大家：1.如果現金回饋哪張卡勝出？2.因為我們想去日本，還是刷哪張卡可以換里程加到我們既有的ANA卡中，爽換日本機票之類的？XD 3.其他建議選項。以上麻煩大家幫幫忙解答了！感謝！--,2015/11/8,10:49:26,42.73.156.67,0
https://www.ptt.cc/bbs/creditcard/M.1446950968.A.1E5.html,creditcard,willyylliw,[問題] 喜宴刷卡刷哪張卡好？,geoemia,推,1.先辦中信ANA晶緻卡拿新戶優惠里程,2015/11/08,10:52,,1
https://www.ptt.cc/bbs/creditcard/M.1446950968.A.1E5.html,creditcard,willyylliw,[問題] 喜宴刷卡刷哪張卡好？,geoemia,→,2.各辦一套華南ANA套餐 先刷美饌卡 跟飯店談能不能分次刷,2015/11/08,10:53,,2
https://www.ptt.cc/bbs/creditcard/M.1446950968.A.1E5.html,creditcard,willyylliw,[問題] 喜宴刷卡刷哪張卡好？,geoemia,→,分在2-3個帳單週期，美饌一個月可以刷11萬，這樣刷完應該,2015/11/08,10:54,,3
https://www.ptt.cc/bbs/creditcard/M.1446950968.A.1E5.html,creditcard,willyylliw,[問題] 喜宴刷卡刷哪張卡好？,geoemia,→,可以換兩張機票還有找,2015/11/08,10:54,,4
https://www.ptt.cc/bbs/creditcard/M.1446950968.A.1E5.html,creditcard,willyylliw,[問題] 喜宴刷卡刷哪張卡好？,claymath,推,運通小綠 （650000/30）* 2 應該有40000哩吧,2015/11/08,11:00,,5
https://www.ptt.cc/bbs/creditcard/M.1446950968.A.1E5.html,creditcard,willyylliw,[問題] 喜宴刷卡刷哪張卡好？,willyylliw,→,抱歉請教您所以美饌卡ㄧ個月最多刷11萬？,2015/11/08,11:04,,6
https://www.ptt.cc/bbs/creditcard/M.1446950968.A.1E5.html,creditcard,willyylliw,[問題] 喜宴刷卡刷哪張卡好？,snowcoat,推,集里程順便蜜月用 XD,2015/11/08,11:04,,7
https://www.ptt.cc/bbs/creditcard/M.1446950968.A.1E5.html,creditcard,willyylliw,[問題] 喜宴刷卡刷哪張卡好？,KOFMAX,→,紅利單月回饋上限的關係 刷超過等於浪費了,2015/11/08,11:14,,8
https://www.ptt.cc/bbs/creditcard/M.1446950968.A.1E5.html,creditcard,willyylliw,[問題] 喜宴刷卡刷哪張卡好？,claymath,推,華南卡不適合一筆刷這麼大額...限制又多...,2015/11/08,11:15,,9
https://www.ptt.cc/bbs/creditcard/M.1446950968.A.1E5.html,creditcard,willyylliw,[問題] 喜宴刷卡刷哪張卡好？,cka,→,如果你1月生日 國泰亞萬卡回饋最高,2015/11/08,12:13,,10
https://www.ptt.cc/bbs/creditcard/M.1446950968.A.1E5.html,creditcard,willyylliw,[問題] 喜宴刷卡刷哪張卡好？,pacman,推,樓上別忘記要符合里程加速器規範店家或外幣。,2015/11/08,13:04,,11
https://www.ptt.cc/bbs/creditcard/M.1446950968.A.1E5.html,creditcard,willyylliw,[問題] 喜宴刷卡刷哪張卡好？,Jessicalove,推,如果條件符合國泰亞萬卡加速器，回饋應可到7%以上...,2015/11/08,13:48,,12
https://www.ptt.cc/bbs/creditcard/M.1446950968.A.1E5.html,creditcard,willyylliw,[問題] 喜宴刷卡刷哪張卡好？,maydaychi,噓,紅字恭喜 爬文,2015/11/08,14:10,,13
https://www.ptt.cc/bbs/creditcard/M.1446950968.A.1E5.html,creditcard,willyylliw,[問題] 喜宴刷卡刷哪張卡好？,wade690827,推,夫妻都辦華銀ana套卡再用全家桶,2015/11/08,19:58,,14
https://www.ptt.cc/bbs/creditcard/M.1446950968.A.1E5.html,creditcard,willyylliw,[問題] 喜宴刷卡刷哪張卡好？,stillblue,→,信用ok也不表示有65萬額度的卡阿？(如果只能一次刷的,2015/11/08,21:00,,15
https://www.ptt.cc/bbs/creditcard/M.1446950968.A.1E5.html,creditcard,willyylliw,[問題] 喜宴刷卡刷哪張卡好？,stillblue,→,話,2015/11/08,21:00,,16
https://www.ptt.cc/bbs/creditcard/M.1446950968.A.1E5.html,creditcard,willyylliw,[問題] 喜宴刷卡刷哪張卡好？,orange21,噓,恭喜,2015/11/08,22:08,,17
https://www.ptt.cc/bbs/creditcard/M.1446950968.A.1E5.html,creditcard,willyylliw,[問題] 喜宴刷卡刷哪張卡好？,kuyang,推,重點是不是要先確認飯店願意給刷65萬嗎，65萬刷卡手續費,2015/11/08,23:09,,18
https://www.ptt.cc/bbs/creditcard/M.1446950968.A.1E5.html,creditcard,willyylliw,[問題] 喜宴刷卡刷哪張卡好？,kuyang,→,算1%，就要6500，飯店會吸收嗎,2015/11/08,23:09,,19
https://www.ptt.cc/bbs/creditcard/M.1446950968.A.1E5.html,creditcard,willyylliw,[問題] 喜宴刷卡刷哪張卡好？,willyylliw,→,非常謝謝大家的意見！,2015/11/09,00:06,,20
https://www.ptt.cc/bbs/creditcard/M.1446950968.A.1E5.html,creditcard,willyylliw,[問題] 喜宴刷卡刷哪張卡好？,ypw,推,飯店給不給刷真的要確認  有些會堅持用現金,2015/11/09,09:34,,21
https://www.ptt.cc/bbs/creditcard/M.1446950968.A.1E5.html,creditcard,willyylliw,[問題] 喜宴刷卡刷哪張卡好？,shuee,推,我們當時飯店就不給刷卡:( 只給刷訂金,2015/11/10,13:40,,22
https://www.ptt.cc/bbs/creditcard/M.1446950968.A.1E5.html,creditcard,willyylliw,[問題] 喜宴刷卡刷哪張卡好？,tu04,推,我自己付現可以免服務費，飯店都用這招，但還是有開發票,2015/11/12,00:51,,23
https://www.ptt.cc/bbs/creditcard/M.1446950968.A.1E5.html,creditcard,willyylliw,[問題] 喜宴刷卡刷哪張卡好？,tu04,→,哪間飯店可以給刷這麼多錢?,2015/11/12,00:51,,24
https://www.ptt.cc/bbs/creditcard/M.1446941443.A.163.html,creditcard,jcjohny888,[問題] 國泰保費限定險種信用卡繳費才有1%？,jcjohny888,POST,各位先進大大早安在下雖然一個月也才2000不到的保費一年也不過24000想改成年繳打電話去客服說要自家的信用卡才有1％的優惠但是有限定保單種類問了美滿202是否有在優惠名單內竟然答不出來請問是否有大大是這個保單信用卡繳費的另以目前國泰的卡好像都沒有把保費列為回饋項目有哪間銀行是把保費列為回饋項目的嗎？因為快滿期了想說再重新規劃就不一定會選國泰了，反正我的業務員已經往生了(不到50歲，癌症)以上內容如有不適合此版，請告知會自動刪除，謝謝--,2015/11/8,08:10:39,119.14.237.66,0
https://www.ptt.cc/bbs/creditcard/M.1446941443.A.163.html,creditcard,jcjohny888,[問題] 國泰保費限定險種信用卡繳費才有1%？,chenan,→,元大1.2還能分三期，不用嘛....？,2015/11/08,09:36,,1
https://www.ptt.cc/bbs/creditcard/M.1446941443.A.163.html,creditcard,jcjohny888,[問題] 國泰保費限定險種信用卡繳費才有1%？,thoms,推,1.年繳保費會比月繳便宜一點 2.若集匯+自動扣繳 保費優惠3%,2015/11/08,09:55,,2
https://www.ptt.cc/bbs/creditcard/M.1446941443.A.163.html,creditcard,jcjohny888,[問題] 國泰保費限定險種信用卡繳費才有1%？,thoms,→,如果一定要用信用卡繳的話 可參考33219那篇 蠻多討論的,2015/11/08,09:56,,3
https://www.ptt.cc/bbs/creditcard/M.1446941443.A.163.html,creditcard,jcjohny888,[問題] 國泰保費限定險種信用卡繳費才有1%？,stacy611026,推,只要是國泰人壽的保費 都有1%,2015/11/08,10:08,,4
https://www.ptt.cc/bbs/creditcard/M.1446941443.A.163.html,creditcard,jcjohny888,[問題] 國泰保費限定險種信用卡繳費才有1%？,stacy611026,→,只是那1%是保險公司請款時就折扣了,2015/11/08,10:09,,5
https://www.ptt.cc/bbs/creditcard/M.1446941443.A.163.html,creditcard,jcjohny888,[問題] 國泰保費限定險種信用卡繳費才有1%？,ihakkanet,推,大眾分八期零利率還有現金回饋,2015/11/08,10:15,,6
https://www.ptt.cc/bbs/creditcard/M.1446941443.A.163.html,creditcard,jcjohny888,[問題] 國泰保費限定險種信用卡繳費才有1%？,lkf822,推,可惜大眾沒有包含新安東京。。。,2015/11/08,11:16,,7
https://www.ptt.cc/bbs/creditcard/M.1446941443.A.163.html,creditcard,jcjohny888,[問題] 國泰保費限定險種信用卡繳費才有1%？,kasamewon,→,國壽還是國泰卡相對划算 國壽1%+國泰世華卡0.3%,2015/11/08,11:38,,8
https://www.ptt.cc/bbs/creditcard/M.1446941443.A.163.html,creditcard,jcjohny888,[問題] 國泰保費限定險種信用卡繳費才有1%？,kasamewon,→,傳統保單原則上都是在回饋裡面的,2015/11/08,11:40,,9
https://www.ptt.cc/bbs/creditcard/M.1446941443.A.163.html,creditcard,jcjohny888,[問題] 國泰保費限定險種信用卡繳費才有1%？,qcherry,推,辦現金回饋的卡別，譬如現金御璽或是有國泰帳戶辦COMBO卡,2015/11/08,12:04,,10
https://www.ptt.cc/bbs/creditcard/M.1446941443.A.163.html,creditcard,jcjohny888,[問題] 國泰保費限定險種信用卡繳費才有1%？,qcherry,→,女性可辦鳳凰鈦金卡，這幾張卡別都是回饋現金，除了原本,2015/11/08,12:05,,11
https://www.ptt.cc/bbs/creditcard/M.1446941443.A.163.html,creditcard,jcjohny888,[問題] 國泰保費限定險種信用卡繳費才有1%？,qcherry,→,國壽保費1%優惠外，信用卡現金回饋0.3%,2015/11/08,12:06,,12
https://www.ptt.cc/bbs/creditcard/M.1446941443.A.163.html,creditcard,jcjohny888,[問題] 國泰保費限定險種信用卡繳費才有1%？,kellytsai,推,請問0.3%回饋金的期限是多久呢？最近剛辦來扣保費,2015/11/08,13:21,,13
https://www.ptt.cc/bbs/creditcard/M.1446941443.A.163.html,creditcard,jcjohny888,[問題] 國泰保費限定險種信用卡繳費才有1%？,stacy611026,推,國泰的現金回饋沒有期限,2015/11/08,14:49,,14
https://www.ptt.cc/bbs/creditcard/M.1446941443.A.163.html,creditcard,jcjohny888,[問題] 國泰保費限定險種信用卡繳費才有1%？,akakapo,→,補一下二樓說的文章代碼：#1M3-Ycl3,2015/11/08,15:03,,15
https://www.ptt.cc/bbs/creditcard/M.1446941443.A.163.html,creditcard,jcjohny888,[問題] 國泰保費限定險種信用卡繳費才有1%？,mavis0813,推,我都用聯邦銀行玩2%  不要自動扣繳  國泰保險可以線上,2015/11/08,15:14,,16
https://www.ptt.cc/bbs/creditcard/M.1446941443.A.163.html,creditcard,jcjohny888,[問題] 國泰保費限定險種信用卡繳費才有1%？,mavis0813,→,刷  最近在申請澳盛  新卡友5%,2015/11/08,15:14,,17
https://www.ptt.cc/bbs/creditcard/M.1446941443.A.163.html,creditcard,jcjohny888,[問題] 國泰保費限定險種信用卡繳費才有1%？,snowcoat,推,台新玫瑰或太陽 保費1%可分6期印象中,2015/11/08,16:24,,18
https://www.ptt.cc/bbs/creditcard/M.1446941443.A.163.html,creditcard,jcjohny888,[問題] 國泰保費限定險種信用卡繳費才有1%？,operatorm,→,年繳保費24萬2%聯邦。http://i.imgur.com/39tD9CA.jpg,2015/11/08,16:49,,19
https://www.ptt.cc/bbs/creditcard/M.1446941443.A.163.html,creditcard,jcjohny888,[問題] 國泰保費限定險種信用卡繳費才有1%？,jcjohny888,REPLY,"<div class=""richcontent""><img src=""//i.imgur.com/39tD9CA.jpg"" alt="""" /></div><div class=""push""><span class=""f1 hl push-tag"">→ </span><span class=""f3 hl push-userid"">operatorm</span><span class=""f3 push-content"">:</span><span class=""push-ipdatetime""> 11/08 16:49",2015/11/8,,,20
https://www.ptt.cc/bbs/creditcard/M.1446941443.A.163.html,creditcard,jcjohny888,[問題] 國泰保費限定險種信用卡繳費才有1%？,operatorm,→,保費2%入手方法，同去年。可搜我文(今年2%到手了,2015/11/08,16:52,,21
https://www.ptt.cc/bbs/creditcard/M.1446941443.A.163.html,creditcard,jcjohny888,[問題] 國泰保費限定險種信用卡繳費才有1%？,operatorm,→,240000*1.5%=3600(預估值),2015/11/08,16:54,,22
https://www.ptt.cc/bbs/creditcard/M.1446941443.A.163.html,creditcard,jcjohny888,[問題] 國泰保費限定險種信用卡繳費才有1%？,operatorm,→,辦張微風無限刷24萬保費，再補6萬差額就免年費(撈台灣,2015/11/08,17:09,,23
https://www.ptt.cc/bbs/creditcard/M.1446941443.A.163.html,creditcard,jcjohny888,[問題] 國泰保費限定險種信用卡繳費才有1%？,operatorm,→,聯通停車2hr/日)，可真划算,2015/11/08,17:09,,24
https://www.ptt.cc/bbs/creditcard/M.1446941443.A.163.html,creditcard,jcjohny888,[問題] 國泰保費限定險種信用卡繳費才有1%？,snowcoat,→,樓上大大你是不是多看一個零 XD,2015/11/08,17:14,,25
https://www.ptt.cc/bbs/creditcard/M.1446941443.A.163.html,creditcard,jcjohny888,[問題] 國泰保費限定險種信用卡繳費才有1%？,operatorm,→,我舉我的『多個零』的例子啦XD,2015/11/08,17:17,,26
https://www.ptt.cc/bbs/creditcard/M.1446941443.A.163.html,creditcard,jcjohny888,[問題] 國泰保費限定險種信用卡繳費才有1%？,jen301,推,昇恆昌卡，只要是保費，不分哪家，一律1%，產壽險都有，現,2015/11/08,20:19,,27
https://www.ptt.cc/bbs/creditcard/M.1446941443.A.163.html,creditcard,jcjohny888,[問題] 國泰保費限定險種信用卡繳費才有1%？,jen301,→,在還有保費無息分六期的活動。,2015/11/08,20:19,,28
https://www.ptt.cc/bbs/creditcard/M.1446941443.A.163.html,creditcard,jcjohny888,[問題] 國泰保費限定險種信用卡繳費才有1%？,jen301,推,無息分六期等於改年繳省錢，又有比季繳延期的好處,2015/11/08,20:22,,29
https://www.ptt.cc/bbs/creditcard/M.1446941443.A.163.html,creditcard,jcjohny888,[問題] 國泰保費限定險種信用卡繳費才有1%？,s1009041,推,國泰世華帳戶轉帳也有1%,2015/11/08,22:46,,30
https://www.ptt.cc/bbs/creditcard/M.1446941443.A.163.html,creditcard,jcjohny888,[問題] 國泰保費限定險種信用卡繳費才有1%？,mavis0813,推,如果原po別改年繳 每月5000以下可用澳盛5%  每個月大,2015/11/09,10:13,,31
https://www.ptt.cc/bbs/creditcard/M.1446941443.A.163.html,creditcard,jcjohny888,[問題] 國泰保費限定險種信用卡繳費才有1%？,mavis0813,→,約可回饋100TWD. 一年是1200 左右  比國泰1%多5倍回饋,2015/11/09,10:13,,32
https://www.ptt.cc/bbs/creditcard/M.1446941443.A.163.html,creditcard,jcjohny888,[問題] 國泰保費限定險種信用卡繳費才有1%？,mavis0813,→,金  比聯邦多三倍左右  只是比較麻煩,2015/11/09,10:13,,33
https://www.ptt.cc/bbs/creditcard/M.1446941443.A.163.html,creditcard,jcjohny888,[問題] 國泰保費限定險種信用卡繳費才有1%？,tu04,推,我覺得保險費換里程回饋率也不錯！,2015/11/10,16:02,,34
https://www.ptt.cc/bbs/creditcard/M.1446926468.A.BAC.html,creditcard,rimu,[問題] 日盛visa卡不能刷steam?,rimu,POST,剛剛我想用日盛的visa卡在steam上買遊戲付款失敗後我就打到日盛客服詢問客服回答說日盛目前並沒有跟此網站合作所以不能刷日盛的卡我記得以前我有刷過啊? 是現在都不行了嗎有沒有其他卡友也有同樣的情況 還是那個客服是唬爛我的?--ゆっくりしていってね！！！--,2015/11/8,04:01:04,220.134.184.72,0
https://www.ptt.cc/bbs/creditcard/M.1446926468.A.BAC.html,creditcard,rimu,[問題] 日盛visa卡不能刷steam?,cytochrome,推,有沒有合作干銀行什麼事，要求它放行別擋刷,2015/11/10,11:11,,1
https://www.ptt.cc/bbs/creditcard/M.1446915758.A.E46.html,creditcard,lookjason,Re: [問題] 一卡通自動加值到底要拖多久才會入帳？,lookjason,POST,"原文恕刪...上次T大在原文提到一卡通的入帳時間拖太久，本魯也來回報一下上個月因為全聯有一卡通贈點活動，我用我的大眾愛PASS聯名卡在10/23-10/27之間刷了10筆交易(自動儲值)：http://imgur.com/eUpqPWD<div class=""richcontent""><img src=""//i.imgur.com/eUpqPWD.jpg"" alt="""" /></div>結果全部都在11/05這一天一起入帳因為我大眾的結帳週期在每個月17號，所以算入這個月(11月份)帳單是沒問題，但也拖了10-15天之久，是還滿誇張的。消費者全聯一卡通信用卡(銀行)，假設這四者的交易的關係如下：消費者 --使用--&gt; 信用卡(銀行) --儲值--&gt; 一卡通 --付款--&gt; 全聯所以照理說晚入帳應該是一卡通公司太晚請款了(黃色這一段)因為一卡通入帳的快和慢關係到有些一卡通聯名卡的優惠，拖延請款會導致優惠沒拿到，(如果遇到真的會OOXX)這確實是需要大家如果有遇到要多多跟一卡通公司反映，希望他們早點改善這種狀況。一卡通客服電話：07-791-2000--",2015/11/8,01:02:35,114.47.131.130,0
https://www.ptt.cc/bbs/creditcard/M.1446915758.A.E46.html,creditcard,lookjason,Re: [問題] 一卡通自動加值到底要拖多久才會入帳？,LittleWhiteZ,推,他們根本沒有理由為了持卡人改變請款習慣阿,2015/11/08,01:07,,1
https://www.ptt.cc/bbs/creditcard/M.1446915758.A.E46.html,creditcard,lookjason,Re: [問題] 一卡通自動加值到底要拖多久才會入帳？,acht,推,連二期都因請款慢沒拿到大眾的回饋，超失算的,2015/11/08,01:07,,2
https://www.ptt.cc/bbs/creditcard/M.1446915758.A.E46.html,creditcard,lookjason,Re: [問題] 一卡通自動加值到底要拖多久才會入帳？,lookjason,→,沒拿到回饋是真的會很不爽,2015/11/08,01:08,,3
https://www.ptt.cc/bbs/creditcard/M.1446915758.A.E46.html,creditcard,lookjason,Re: [問題] 一卡通自動加值到底要拖多久才會入帳？,ga047768,推,ㄧ銀一卡通，10/10刷12入帳，21刷23入，27刷29入,2015/11/08,02:22,,4
https://www.ptt.cc/bbs/creditcard/M.1446915758.A.E46.html,creditcard,lookjason,Re: [問題] 一卡通自動加值到底要拖多久才會入帳？,alvin0176,推,look大..問題應該如您所說的出在黃字那一段沒錯,2015/11/08,07:21,,5
https://www.ptt.cc/bbs/creditcard/M.1446915758.A.E46.html,creditcard,lookjason,Re: [問題] 一卡通自動加值到底要拖多久才會入帳？,alvin0176,→,一卡通在&#34;某些銀行&#34;的入帳日都會一起在相同的&#34;某幾天&#34;,2015/11/08,07:21,,6
https://www.ptt.cc/bbs/creditcard/M.1446915758.A.E46.html,creditcard,lookjason,Re: [問題] 一卡通自動加值到底要拖多久才會入帳？,alvin0176,→,依我有遇到的來說，這&#34;某些銀行&#34;有中信、台新、大眾,2015/11/08,07:22,,7
https://www.ptt.cc/bbs/creditcard/M.1446915758.A.E46.html,creditcard,lookjason,Re: [問題] 一卡通自動加值到底要拖多久才會入帳？,alvin0176,→,而&#34;某幾天&#34;有8/6、8/13、8/25、9/16、10/14、10/23..等,2015/11/08,07:22,,8
https://www.ptt.cc/bbs/creditcard/M.1446915758.A.E46.html,creditcard,lookjason,Re: [問題] 一卡通自動加值到底要拖多久才會入帳？,alvin0176,→,11月第一波當然就是11/5了，而下二波日期未知,2015/11/08,07:22,,9
https://www.ptt.cc/bbs/creditcard/M.1446915758.A.E46.html,creditcard,lookjason,Re: [問題] 一卡通自動加值到底要拖多久才會入帳？,alvin0176,→,可以麻煩大家幫忙核對看看是否真的都在這些日期,2015/11/08,07:22,,10
https://www.ptt.cc/bbs/creditcard/M.1446915758.A.E46.html,creditcard,lookjason,Re: [問題] 一卡通自動加值到底要拖多久才會入帳？,alvin0176,→,可是一銀與合庫卻無此狀況，都大約3天內會入帳，很怪~,2015/11/08,07:23,,11
https://www.ptt.cc/bbs/creditcard/M.1446915758.A.E46.html,creditcard,lookjason,Re: [問題] 一卡通自動加值到底要拖多久才會入帳？,TZUYIC,推,沒參加活動時，會希望愈晚入帳愈好，但有參加活動時，太晚,2015/11/08,07:54,,12
https://www.ptt.cc/bbs/creditcard/M.1446915758.A.E46.html,creditcard,lookjason,Re: [問題] 一卡通自動加值到底要拖多久才會入帳？,TZUYIC,→,入帳反而令人膽顫心驚。,2015/11/08,07:54,,13
https://www.ptt.cc/bbs/creditcard/M.1446908198.A.D37.html,creditcard,gamania10000,[問題] 富邦數位生活卡 首刷禮變動?,gamania10000,POST,最近申辦了富邦數位生活卡(藍色卡面)首刷禮的頁面長這樣 http://0rz.tw/ionB4但是點進去之後，發現行李箱竟然變色！ http://0rz.tw/DG9ln現在是奶黃色（箱腳留著咖啡色反而突兀），熊大也被打回2D更沒有「LINE FRIENDS」的字了前兩天急忙打電話給客服客服說因為是最近新辦的，還可以拿到舊的但是之後就都會換成奶黃箱了以上內容，不曉得大家是否知道這消息可以評價一下新箱面 ＠＿＠--,2015/11/7,22:56:35,36.231.21.98,0
https://www.ptt.cc/bbs/creditcard/M.1446908198.A.D37.html,creditcard,gamania10000,[問題] 富邦數位生活卡 首刷禮變動?,zhen10,→,哇好險有拿到原本的,2015/11/07,23:04,,1
https://www.ptt.cc/bbs/creditcard/M.1446908198.A.D37.html,creditcard,gamania10000,[問題] 富邦數位生活卡 首刷禮變動?,ar33ar33,推,一樣是滿八千嗎？,2015/11/07,23:21,,2
https://www.ptt.cc/bbs/creditcard/M.1446908198.A.D37.html,creditcard,gamania10000,[問題] 富邦數位生活卡 首刷禮變動?,gamania10000,REPLY,還是八千，隨身碟五千,2015/11/7,,,3
https://www.ptt.cc/bbs/creditcard/M.1446908198.A.D37.html,creditcard,gamania10000,[問題] 富邦數位生活卡 首刷禮變動?,lashante,→,我覺得新箱面配色好看一點，但沒3D就失去特色了,2015/11/08,01:55,,4
https://www.ptt.cc/bbs/creditcard/M.1446908198.A.D37.html,creditcard,gamania10000,[問題] 富邦數位生活卡 首刷禮變動?,snowcoat,推,3D比較有特色+1 雖然顏色都被強者我朋友說是巧克力豬...,2015/11/08,09:39,,5
https://www.ptt.cc/bbs/creditcard/M.1446908198.A.D37.html,creditcard,gamania10000,[問題] 富邦數位生活卡 首刷禮變動?,luuluu,推,新戶才有嗎   我已經有富邦財神卡說,2015/11/08,09:42,,6
https://www.ptt.cc/bbs/creditcard/M.1446908198.A.D37.html,creditcard,gamania10000,[問題] 富邦數位生活卡 首刷禮變動?,s84517,推,新戶首刷才有,2015/11/09,08:13,,7
https://www.ptt.cc/bbs/creditcard/M.1446908198.A.D37.html,creditcard,gamania10000,[問題] 富邦數位生活卡 首刷禮變動?,dstory,推,我的首刷選吸塵器，已經一個多月還沒送到,2015/11/09,08:21,,8
https://www.ptt.cc/bbs/creditcard/M.1446908198.A.D37.html,creditcard,gamania10000,[問題] 富邦數位生活卡 首刷禮變動?,dstory,→,打電話去問才跟我說缺貨，要等到11／20,2015/11/09,08:21,,9
https://www.ptt.cc/bbs/creditcard/M.1446908198.A.D37.html,creditcard,gamania10000,[問題] 富邦數位生活卡 首刷禮變動?,dstory,推,所以我對首刷禮處理上沒有很滿意，會吵才有糖吃,2015/11/09,08:23,,10
https://www.ptt.cc/bbs/creditcard/M.1446908198.A.D37.html,creditcard,gamania10000,[問題] 富邦數位生活卡 首刷禮變動?,hu23054405,推,我的首刷禮也剛拿到沒多久，從歌林的吸塵器變成,2015/11/09,15:19,,11
https://www.ptt.cc/bbs/creditcard/M.1446908198.A.D37.html,creditcard,gamania10000,[問題] 富邦數位生活卡 首刷禮變動?,hu23054405,→,fujitek吸塵器，目前覺得還不錯用。,2015/11/09,15:20,,12
https://www.ptt.cc/bbs/creditcard/M.1446908198.A.D37.html,creditcard,gamania10000,[問題] 富邦數位生活卡 首刷禮變動?,hu23054405,→,上面有貼歌林吸塵器缺貨，用fujitek代替。,2015/11/09,15:21,,13
https://www.ptt.cc/bbs/creditcard/M.1446908198.A.D37.html,creditcard,gamania10000,[問題] 富邦數位生活卡 首刷禮變動?,i3350,→,我是選隨身碟，因為行李箱我不敢帶出門。,2015/11/09,21:23,,14
https://www.ptt.cc/bbs/creditcard/M.1446908198.A.D37.html,creditcard,gamania10000,[問題] 富邦數位生活卡 首刷禮變動?,b731863888,推,學長幫我辦的 只能選隨身碟 不然我也好想要吸塵器...,2015/11/11,01:20,,15
https://www.ptt.cc/bbs/creditcard/M.1446908198.A.D37.html,creditcard,gamania10000,[問題] 富邦數位生活卡 首刷禮變動?,t1314oscar,推,收到吸塵器+1,2015/11/12,11:23,,16
https://www.ptt.cc/bbs/creditcard/M.1446908072.A.277.html,creditcard,boards,Re: [問題] 機場停車/接送(2個月限制),boards,POST,我8/7玉山信用卡刷卡買廉價航空機票，費用為3100元左右下週11/11出發，所以已經超過3個月，但剛致電客服，他說還是可以免費停7天，剛好我也出國7天^_^順便問了一下，如果有玉山世界卡，機場接送沒有年刷10萬限制。--,2015/11/7,22:54:30,223.139.53.193,0
https://www.ptt.cc/bbs/creditcard/M.1446908072.A.277.html,creditcard,boards,Re: [問題] 機場停車/接送(2個月限制),lkf822,推,玉山世界卡機場接送，還是有兩萬的限制啊,2015/11/08,01:24,,1
https://www.ptt.cc/bbs/creditcard/M.1446908072.A.277.html,creditcard,boards,Re: [問題] 機場停車/接送(2個月限制),lkf822,→,中信鼎極的機場接送就沒有兩萬的限制啦,2015/11/08,01:25,,2
https://www.ptt.cc/bbs/creditcard/M.1446908072.A.277.html,creditcard,boards,Re: [問題] 機場停車/接送(2個月限制),yeyuhan,→,11/07使用中信鼎極機場接送，幼童型坐椅安全扣壞掉，司,2015/11/08,09:27,,3
https://www.ptt.cc/bbs/creditcard/M.1446908072.A.277.html,creditcard,boards,Re: [問題] 機場停車/接送(2個月限制),yeyuhan,→,機要求用大人安全帶扣上。但大人安全帶扣上後是在小孩頭,2015/11/08,09:27,,4
https://www.ptt.cc/bbs/creditcard/M.1446908072.A.277.html,creditcard,boards,Re: [問題] 機場停車/接送(2個月限制),yeyuhan,→,上，高速公路一路上小孩是在無安全狀況行進。告知司機也,2015/11/08,09:27,,5
https://www.ptt.cc/bbs/creditcard/M.1446908072.A.277.html,creditcard,boards,Re: [問題] 機場停車/接送(2個月限制),yeyuhan,→,不裡會，這種的鼎極機場接送素質很低。雖然是免費下次也,2015/11/08,09:27,,6
https://www.ptt.cc/bbs/creditcard/M.1446908072.A.277.html,creditcard,boards,Re: [問題] 機場停車/接送(2個月限制),yeyuhan,→,不會使用!再者中信無贈全程旅平險反而玉山有贈全程旅平1,2015/11/08,09:27,,7
https://www.ptt.cc/bbs/creditcard/M.1446908072.A.277.html,creditcard,boards,Re: [問題] 機場停車/接送(2個月限制),yeyuhan,→,000萬，台南-高雄機場只要扣3700點(兒童坐椅免費)，永豐,2015/11/08,09:27,,8
https://www.ptt.cc/bbs/creditcard/M.1446908072.A.277.html,creditcard,boards,Re: [問題] 機場停車/接送(2個月限制),yeyuhan,→,也有贈全程1000萬，全年最多四次免費(兒童坐椅+300)。若,2015/11/08,09:27,,9
https://www.ptt.cc/bbs/creditcard/M.1446908072.A.277.html,creditcard,boards,Re: [問題] 機場停車/接送(2個月限制),yeyuhan,→,把全程旅平算成錢，中信反而沒比較划算,2015/11/08,09:27,,10
https://www.ptt.cc/bbs/creditcard/M.1446908072.A.277.html,creditcard,boards,Re: [問題] 機場停車/接送(2個月限制),gctseng,推,中信客服在預訂時，就會確認有幾大幾小，行李件數，是否,2015/11/08,10:06,,11
https://www.ptt.cc/bbs/creditcard/M.1446908072.A.277.html,creditcard,boards,Re: [問題] 機場停車/接送(2個月限制),gctseng,→,需安全座椅等。如果你有事前確認，應可向客服申訴。,2015/11/08,10:06,,12
https://www.ptt.cc/bbs/creditcard/M.1446908072.A.277.html,creditcard,boards,Re: [問題] 機場停車/接送(2個月限制),yeyuhan,→,中信預定有告知小孩兩歲，需幼童型安全坐椅。但實際坐椅,2015/11/08,10:12,,13
https://www.ptt.cc/bbs/creditcard/M.1446908072.A.277.html,creditcard,boards,Re: [問題] 機場停車/接送(2個月限制),yeyuhan,→,扣環是壞的，右邊綁帶斷裂扣環消失。客訴後沒有用，只換,2015/11/08,10:12,,14
https://www.ptt.cc/bbs/creditcard/M.1446908072.A.277.html,creditcard,boards,Re: [問題] 機場停車/接送(2個月限制),yeyuhan,→,來道歉。,2015/11/08,10:12,,15
https://www.ptt.cc/bbs/creditcard/M.1446906732.A.64D.html,creditcard,attom,[問題] JCB目前在美國商店普及率高嗎?,attom,POST,想請問一下JCB現在在美國的普及率高嗎?一般美國商店或是速食店是否能使用呢?爬文有網友說JCB是走Discover...所以 只要可以刷Discover的地方 就可以刷JCB嗎?由於很怕在美國遇到DCC想說 是不是直接改用JCB 可以省去很多麻煩另外速食店自助刷卡 是否也會有遇到DCC的可能性?請問要如何避開呢?--,2015/11/7,22:32:10,111.243.138.163,0
https://www.ptt.cc/bbs/creditcard/M.1446906732.A.64D.html,creditcard,attom,[問題] JCB目前在美國商店普及率高嗎?,hcktaiwan,→,超市都收，jcbusa.com,2015/11/07,22:54,,1
https://www.ptt.cc/bbs/creditcard/M.1446906732.A.64D.html,creditcard,attom,[問題] JCB目前在美國商店普及率高嗎?,kaosps2,→,美國運通也沒DCC,2015/11/07,23:00,,2
https://www.ptt.cc/bbs/creditcard/M.1446906732.A.64D.html,creditcard,attom,[問題] JCB目前在美國商店普及率高嗎?,michaelgodtw,→,AE吧!JCB就不需要了吧,2015/11/07,23:50,,3
https://www.ptt.cc/bbs/creditcard/M.1446906732.A.64D.html,creditcard,attom,[問題] JCB目前在美國商店普及率高嗎?,ppc,→,沒遇過不能收的 但華南超現JCB我刷得很痛苦 很難刷過,2015/11/08,01:59,,4
https://www.ptt.cc/bbs/creditcard/M.1446906732.A.64D.html,creditcard,attom,[問題] JCB目前在美國商店普及率高嗎?,ppc,→,順道一提 在美國我幾乎都刷mastercard 沒遇過DCC就是了！,2015/11/08,02:00,,5
https://www.ptt.cc/bbs/creditcard/M.1446906732.A.64D.html,creditcard,attom,[問題] JCB目前在美國商店普及率高嗎?,hcktaiwan,→,Outlet 有被問過刷卡幣別,2015/11/08,06:50,,6
https://www.ptt.cc/bbs/creditcard/M.1446906732.A.64D.html,creditcard,attom,[問題] JCB目前在美國商店普及率高嗎?,attom,→,沒有AE 想說能避開DCC的 只有JCB了...,2015/11/08,08:00,,7
https://www.ptt.cc/bbs/creditcard/M.1446906732.A.64D.html,creditcard,attom,[問題] JCB目前在美國商店普及率高嗎?,phantom78626,推,可刷discover的地方也不一定刷得過 實用性普通,2015/11/09,07:47,,8
https://www.ptt.cc/bbs/creditcard/M.1446905260.A.F91.html,creditcard,adaniel,[情報] 星展豐利御璽卡,adaniel,POST,優惠:現金回饋.一般通路享0.6     指定通路享 1% 現金回饋    【指定通路】加油類、飯店住宿類、航空旅遊類申請資格:星展豐利御璽卡為本行貸款客戶專屬信用卡         若您已是星展房貸或車貸客戶，請聯絡您的專員協助您申請年費:第一年免年費，次年起正、附卡凡年度刷卡消費合計滿新台幣 6 萬元或     年度之累計消費次數達 12 次，即可繼續享有次年免年費的優惠，依此類推相關網址:http://goo.gl/GRpVif提供給大家參考！--,2015/11/7,22:07:37,123.194.175.158,0
https://www.ptt.cc/bbs/creditcard/M.1446905260.A.F91.html,creditcard,adaniel,[情報] 星展豐利御璽卡,AntiMonday,推,星展只為了產品線完整才推這卡吧,2015/11/07,22:39,,1
https://www.ptt.cc/bbs/creditcard/M.1446905260.A.F91.html,creditcard,adaniel,[情報] 星展豐利御璽卡,chenan,推,現在不限通路1%回饋已經快成基本了。,2015/11/07,22:43,,2
https://www.ptt.cc/bbs/creditcard/M.1446905260.A.F91.html,creditcard,adaniel,[情報] 星展豐利御璽卡,chenan,→,這張卡吸引力不高。,2015/11/07,22:44,,3
https://www.ptt.cc/bbs/creditcard/M.1446905260.A.F91.html,creditcard,adaniel,[情報] 星展豐利御璽卡,hschpd,推,所以...只要有拿到這張卡，就是個有辦信貸的人，是這個意,2015/11/07,22:59,,4
https://www.ptt.cc/bbs/creditcard/M.1446905260.A.F91.html,creditcard,adaniel,[情報] 星展豐利御璽卡,hschpd,→,思嗎？,2015/11/07,22:59,,5
https://www.ptt.cc/bbs/creditcard/M.1446905260.A.F91.html,creditcard,adaniel,[情報] 星展豐利御璽卡,TZUYIC,推,超爛的，等首刷800元刷卡金我才考慮辦，我沒跟到多年前800,2015/11/07,23:09,,6
https://www.ptt.cc/bbs/creditcard/M.1446905260.A.F91.html,creditcard,adaniel,[情報] 星展豐利御璽卡,TZUYIC,→,元那波，如果星展卡沒有首刷禮就沒有申辦的價值。,2015/11/07,23:10,,7
https://www.ptt.cc/bbs/creditcard/M.1446905260.A.F91.html,creditcard,adaniel,[情報] 星展豐利御璽卡,lookjason,推,感謝情報，卡面好素哦！這張跟樂天長的好像。,2015/11/08,01:16,,8
https://www.ptt.cc/bbs/creditcard/M.1446905260.A.F91.html,creditcard,adaniel,[情報] 星展豐利御璽卡,DUKEYANG,推,還要貸款戶才能辦  感覺就是不想玩信用卡這塊,2015/11/08,09:07,,9
https://www.ptt.cc/bbs/creditcard/M.1446901563.A.A29.html,creditcard,bobbob18,花旗饗樂卡核卡,bobbob18,POST,申請卡別]：花旗饗樂卡[職業類別]：公職[工作年資]：1年[年齡]：21歲[年收入]：60萬[提供之財力證明]：六個月薪資單[是否貸款]：無[核卡額度]：165k[三個月內有無辦卡]：NO[已有信用卡］：玉山國旅卡  100k富邦Line friend卡  100k元大愛金卡  60k［心得］：11/4網路申請單子填一半臨時有事沒填完隔天11/5業務員就打來問了超積極的核卡額度也比其他家高今天下午就收到卡片了--,2015/11/7,21:06:01,101.14.250.220,0
https://www.ptt.cc/bbs/creditcard/M.1446901563.A.A29.html,creditcard,bobbob18,花旗饗樂卡核卡,Kyosera,推,花枝 = 公職,2015/11/07,22:28,,1
https://www.ptt.cc/bbs/creditcard/M.1446901563.A.A29.html,creditcard,bobbob18,花旗饗樂卡核卡,college5566,推,tpc?,2015/11/08,09:18,,2
https://www.ptt.cc/bbs/creditcard/M.1446901563.A.A29.html,creditcard,bobbob18,花旗饗樂卡核卡,bobbob18,REPLY,"<span class=""f2"">※ 編輯: bobbob18 (117.19.224.213) 11/08/2015 12:28:40",2015/11/7,,,3
https://www.ptt.cc/bbs/creditcard/M.1446901563.A.A29.html,creditcard,bobbob18,花旗饗樂卡核卡,bobbob18,→,沒錯～,2015/11/08,12:30,,4
https://www.ptt.cc/bbs/creditcard/M.1446901563.A.A29.html,creditcard,bobbob18,花旗饗樂卡核卡,Kyosera,推,警察？,2015/11/08,12:47,,5
https://www.ptt.cc/bbs/creditcard/M.1446901563.A.A29.html,creditcard,bobbob18,花旗饗樂卡核卡,bobbob18,→,來自tpc但不是警察,2015/11/08,12:58,,6
https://www.ptt.cc/bbs/creditcard/M.1446901563.A.A29.html,creditcard,bobbob18,花旗饗樂卡核卡,Kyosera,推,了解,2015/11/08,13:02,,7
https://www.ptt.cc/bbs/creditcard/M.1446901563.A.A29.html,creditcard,bobbob18,花旗饗樂卡核卡,Kyosera,→,感謝B大！,2015/11/08,13:02,,8
https://www.ptt.cc/bbs/creditcard/M.1446901563.A.A29.html,creditcard,bobbob18,花旗饗樂卡核卡,hschpd,推,21歲，核了165K...真威!,2015/11/09,09:45,,9
https://www.ptt.cc/bbs/creditcard/M.1446901563.A.A29.html,creditcard,bobbob18,花旗饗樂卡核卡,Go2,→,公職有加分吧,2015/11/09,11:31,,10
https://www.ptt.cc/bbs/creditcard/M.1446901563.A.A29.html,creditcard,bobbob18,花旗饗樂卡核卡,gctseng,→,年輕也有加分,2015/11/09,12:55,,11
https://www.ptt.cc/bbs/creditcard/M.1446881904.A.D12.html,creditcard,kiki5203344,[閒聊]網購刷信用卡(帳戶/持卡人)問題,kiki5203344,POST,我知道大部分的網購平台為了用卡安全都是一定要帳戶與持卡人一定要一致(so...無法使用信用卡讓家人代刷，或集中消費為了累積刷卡金額參加銀行活動)，不然帳戶會被鎖，或是讓平台無法出貨需核對資料延遲。像是momo就蠻嚴格的！其他像是東森，森森，露天等...也都會在填卡片資訊時，有排小字寫，帳戶與卡片需一致。以前在udn買東西時，曾刷過家人的卡有通過，客服也說沒硬性規定，但最近買時我又再問，客服說要一樣，系統會審核！所以我就只好放棄！最近在買蝦皮時，也在想此問題，不知有人實驗過刷非本人卡嗎？本想打去問客服，但現在假日了 ...若他們後端會審核的話，是否就不會那麼快刷過，昨晚我立即刷，系統立即就說付款成功，會通知賣家盡快安排出貨，不像在露天刷了後，系統會告知審核需一段時間。還有沒有哪些網購可以用非本人的卡呢？(淘寶可以喔！)請大家一同討論分享，感謝囉！--,2015/11/7,15:38:21,36.234.201.66,0
https://www.ptt.cc/bbs/creditcard/M.1446881904.A.D12.html,creditcard,kiki5203344,[閒聊]網購刷信用卡(帳戶/持卡人)問題,nnnnn222,推,yahoo商城跟購物中心可以,2015/11/07,16:04,,1
https://www.ptt.cc/bbs/creditcard/M.1446881904.A.D12.html,creditcard,kiki5203344,[閒聊]網購刷信用卡(帳戶/持卡人)問題,x123392003,→,為什麼要賭這種東西?,2015/11/07,16:09,,2
https://www.ptt.cc/bbs/creditcard/M.1446881904.A.D12.html,creditcard,kiki5203344,[閒聊]網購刷信用卡(帳戶/持卡人)問題,claymath,推,不知道,2015/11/07,16:21,,3
https://www.ptt.cc/bbs/creditcard/M.1446881904.A.D12.html,creditcard,kiki5203344,[閒聊]網購刷信用卡(帳戶/持卡人)問題,horusli,推,蝦皮拍賣目前不需要本人卡(系統也沒相關檢核機制),2015/11/07,16:40,,4
https://www.ptt.cc/bbs/creditcard/M.1446881904.A.D12.html,creditcard,kiki5203344,[閒聊]網購刷信用卡(帳戶/持卡人)問題,onlylovejovi,推,Pchome應該可以，一個帳號用過全家四個人的卡了..,2015/11/07,17:17,,5
https://www.ptt.cc/bbs/creditcard/M.1446881904.A.D12.html,creditcard,kiki5203344,[閒聊]網購刷信用卡(帳戶/持卡人)問題,babylun,推,pchome也會核對喔 會打電話問,2015/11/07,17:31,,6
https://www.ptt.cc/bbs/creditcard/M.1446881904.A.D12.html,creditcard,kiki5203344,[閒聊]網購刷信用卡(帳戶/持卡人)問題,hantulee,推,可以用信用卡持卡者開一個新的持卡者的帳號然後購買後,2015/11/07,17:41,,7
https://www.ptt.cc/bbs/creditcard/M.1446881904.A.D12.html,creditcard,kiki5203344,[閒聊]網購刷信用卡(帳戶/持卡人)問題,hantulee,→,寄給任何你想寄給的人收件者可任意填…,2015/11/07,17:42,,8
https://www.ptt.cc/bbs/creditcard/M.1446881904.A.D12.html,creditcard,kiki5203344,[閒聊]網購刷信用卡(帳戶/持卡人)問題,bxxl,推,付款的跟收貨的都能不同人了拿別人的卡刷做啥,2015/11/07,17:47,,9
https://www.ptt.cc/bbs/creditcard/M.1446881904.A.D12.html,creditcard,kiki5203344,[閒聊]網購刷信用卡(帳戶/持卡人)問題,Kyosera,推,PC家會照會,2015/11/07,17:58,,10
https://www.ptt.cc/bbs/creditcard/M.1446881904.A.D12.html,creditcard,kiki5203344,[閒聊]網購刷信用卡(帳戶/持卡人)問題,counterpunch,推,上面問拿別人的卡刷做啥   應該是想湊刷卡優惠吧,2015/11/07,18:21,,11
https://www.ptt.cc/bbs/creditcard/M.1446881904.A.D12.html,creditcard,kiki5203344,[閒聊]網購刷信用卡(帳戶/持卡人)問題,hantulee,→,優惠也是給持卡者用持卡者開新帳號吧…,2015/11/07,18:31,,12
https://www.ptt.cc/bbs/creditcard/M.1446881904.A.D12.html,creditcard,kiki5203344,[閒聊]網購刷信用卡(帳戶/持卡人)問題,bxxl,→,湊優惠一樣啊你可以用你的卡買東西寄到家人處,2015/11/07,18:32,,13
https://www.ptt.cc/bbs/creditcard/M.1446881904.A.D12.html,creditcard,kiki5203344,[閒聊]網購刷信用卡(帳戶/持卡人)問題,hantulee,→,另一方法網購帳號持卡者辦張原信用卡的附卡吧…,2015/11/07,18:33,,14
https://www.ptt.cc/bbs/creditcard/M.1446881904.A.D12.html,creditcard,kiki5203344,[閒聊]網購刷信用卡(帳戶/持卡人)問題,hantulee,→,之前永豐福利好我自己持有我妹的附卡及自己的正卡刷完,2015/11/07,18:36,,15
https://www.ptt.cc/bbs/creditcard/M.1446881904.A.D12.html,creditcard,kiki5203344,[閒聊]網購刷信用卡(帳戶/持卡人)問題,hantulee,→,附卡後再刷正卡我妹正卡和我正卡的信用卡帳號都收到回,2015/11/07,18:37,,16
https://www.ptt.cc/bbs/creditcard/M.1446881904.A.D12.html,creditcard,kiki5203344,[閒聊]網購刷信用卡(帳戶/持卡人)問題,hantulee,→,饋…,2015/11/07,18:37,,17
https://www.ptt.cc/bbs/creditcard/M.1446881904.A.D12.html,creditcard,kiki5203344,[閒聊]網購刷信用卡(帳戶/持卡人)問題,kiki5203344,→,謝謝...回應大家的討論， 可能有版友誤解了我的問題,2015/11/07,19:24,,18
https://www.ptt.cc/bbs/creditcard/M.1446881904.A.D12.html,creditcard,kiki5203344,[閒聊]網購刷信用卡(帳戶/持卡人)問題,kiki5203344,→,方向。 我有開帳戶也是持卡人，家人也有開帳戶，但,2015/11/07,19:24,,19
https://www.ptt.cc/bbs/creditcard/M.1446881904.A.D12.html,creditcard,kiki5203344,[閒聊]網購刷信用卡(帳戶/持卡人)問題,kiki5203344,→,未必有回饋率優的卡。比方說家人因有蝦皮折扣碼想消,2015/11/07,19:24,,20
https://www.ptt.cc/bbs/creditcard/M.1446881904.A.D12.html,creditcard,kiki5203344,[閒聊]網購刷信用卡(帳戶/持卡人)問題,kiki5203344,→,費掉，但她的數位卡只有2%回饋，他想到我有玉山網購5,2015/11/07,19:24,,21
https://www.ptt.cc/bbs/creditcard/M.1446881904.A.D12.html,creditcard,kiki5203344,[閒聊]網購刷信用卡(帳戶/持卡人)問題,kiki5203344,→,%回饋率的卡，這樣比較優，所以想用我的卡來刷。另外,2015/11/07,19:24,,22
https://www.ptt.cc/bbs/creditcard/M.1446881904.A.D12.html,creditcard,kiki5203344,[閒聊]網購刷信用卡(帳戶/持卡人)問題,kiki5203344,→,我,2015/11/07,19:24,,23
https://www.ptt.cc/bbs/creditcard/M.1446881904.A.D12.html,creditcard,kiki5203344,[閒聊]網購刷信用卡(帳戶/持卡人)問題,kiki5203344,→,也有想集中消費的意思，譬如最近的凱基多1%的活動。,2015/11/07,19:24,,24
https://www.ptt.cc/bbs/creditcard/M.1446881904.A.D12.html,creditcard,kiki5203344,[閒聊]網購刷信用卡(帳戶/持卡人)問題,kiki5203344,→,樓上h大的方法我也想過，但因辦附卡也需要一些時間且,2015/11/07,19:32,,25
https://www.ptt.cc/bbs/creditcard/M.1446881904.A.D12.html,creditcard,kiki5203344,[閒聊]網購刷信用卡(帳戶/持卡人)問題,kiki5203344,→,家人排斥一直辦卡(偶爾因活動才刷)所以我今天才會問,2015/11/07,19:32,,26
https://www.ptt.cc/bbs/creditcard/M.1446881904.A.D12.html,creditcard,kiki5203344,[閒聊]網購刷信用卡(帳戶/持卡人)問題,kiki5203344,→,這問題。以上謝謝大家的回應囉！,2015/11/07,19:32,,27
https://www.ptt.cc/bbs/creditcard/M.1446881904.A.D12.html,creditcard,kiki5203344,[閒聊]網購刷信用卡(帳戶/持卡人)問題,hantulee,推,我也是為了那家回饋好所以某些卡是辦我妹的附卡來用我,2015/11/07,19:46,,28
https://www.ptt.cc/bbs/creditcard/M.1446881904.A.D12.html,creditcard,kiki5203344,[閒聊]網購刷信用卡(帳戶/持卡人)問題,hantulee,→,妹多張卡額度比我高多了建議你把信用卡持卡者申請網購,2015/11/07,19:47,,29
https://www.ptt.cc/bbs/creditcard/M.1446881904.A.D12.html,creditcard,kiki5203344,[閒聊]網購刷信用卡(帳戶/持卡人)問題,hantulee,→,帳號似乎更容易…,2015/11/07,19:48,,30
https://www.ptt.cc/bbs/creditcard/M.1446881904.A.D12.html,creditcard,kiki5203344,[閒聊]網購刷信用卡(帳戶/持卡人)問題,hantulee,推,想要都貪回饋請正附卡交叉申辦吧…,2015/11/07,19:49,,31
https://www.ptt.cc/bbs/creditcard/M.1446881904.A.D12.html,creditcard,kiki5203344,[閒聊]網購刷信用卡(帳戶/持卡人)問題,zazazas,推,Pchome只要訂購時把訂購人改成持卡人就可以了,2015/11/07,19:55,,32
https://www.ptt.cc/bbs/creditcard/M.1446881904.A.D12.html,creditcard,kiki5203344,[閒聊]網購刷信用卡(帳戶/持卡人)問題,ppc,推,amazon沒差,2015/11/08,01:58,,33
https://www.ptt.cc/bbs/creditcard/M.1446881904.A.D12.html,creditcard,kiki5203344,[閒聊]網購刷信用卡(帳戶/持卡人)問題,comsew,推,pchome Yahoo 東森 森森 momo 都用不同名字買過都沒被問,2015/11/08,21:26,,34
https://www.ptt.cc/bbs/creditcard/M.1446881904.A.D12.html,creditcard,kiki5203344,[閒聊]網購刷信用卡(帳戶/持卡人)問題,hantulee,推,樓上大哥是好運之前網友託我買yahoo我用他帳號登錄信,2015/11/08,21:34,,35
https://www.ptt.cc/bbs/creditcard/M.1446881904.A.D12.html,creditcard,kiki5203344,[閒聊]網購刷信用卡(帳戶/持卡人)問題,hantulee,→,用卡填我的資料隔天就打來確認至於MOMO帳號是同事的,2015/11/08,21:35,,36
https://www.ptt.cc/bbs/creditcard/M.1446881904.A.D12.html,creditcard,kiki5203344,[閒聊]網購刷信用卡(帳戶/持卡人)問題,hantulee,→,信用卡是我的隔天他的MOMO帳號被停權…,2015/11/08,21:36,,37
https://www.ptt.cc/bbs/creditcard/M.1446881904.A.D12.html,creditcard,kiki5203344,[閒聊]網購刷信用卡(帳戶/持卡人)問題,x00737,推,所以網路商店都能夠知道(核對)信用卡持卡人的資料?但銀行,2015/11/08,22:42,,38
https://www.ptt.cc/bbs/creditcard/M.1446881904.A.D12.html,creditcard,kiki5203344,[閒聊]網購刷信用卡(帳戶/持卡人)問題,x00737,→,不是都說不會資料外洩給商家做核對?,2015/11/08,22:42,,39
https://www.ptt.cc/bbs/creditcard/M.1446881904.A.D12.html,creditcard,kiki5203344,[閒聊]網購刷信用卡(帳戶/持卡人)問題,Usamiakihiko,推,網購去請銀行授權的時候會核對資料吧，如果沒核對就,2015/11/09,08:24,,40
https://www.ptt.cc/bbs/creditcard/M.1446881904.A.D12.html,creditcard,kiki5203344,[閒聊]網購刷信用卡(帳戶/持卡人)問題,Usamiakihiko,→,出貨網購也很虧,2015/11/09,08:24,,41
https://www.ptt.cc/bbs/creditcard/M.1446881904.A.D12.html,creditcard,kiki5203344,[閒聊]網購刷信用卡(帳戶/持卡人)問題,puyopuyo,推,刷卡前先改會員資料，改成跟刷卡人一致,2015/11/09,12:02,,42
https://www.ptt.cc/bbs/creditcard/M.1446881904.A.D12.html,creditcard,kiki5203344,[閒聊]網購刷信用卡(帳戶/持卡人)問題,hantulee,→,你在網購時信用卡資料和持卡者資料照實填網購店家只是,2015/11/09,19:43,,43
https://www.ptt.cc/bbs/creditcard/M.1446881904.A.D12.html,creditcard,kiki5203344,[閒聊]網購刷信用卡(帳戶/持卡人)問題,hantulee,→,照你填的資料打來確認不是信用卡將資料給網購店家…,2015/11/09,19:44,,44
https://www.ptt.cc/bbs/creditcard/M.1446881904.A.D12.html,creditcard,kiki5203344,[閒聊]網購刷信用卡(帳戶/持卡人)問題,hantulee,→,簡單說這些大購物網站信用卡資料是你自行填的網購業,2015/11/09,19:46,,45
https://www.ptt.cc/bbs/creditcard/M.1446881904.A.D12.html,creditcard,kiki5203344,[閒聊]網購刷信用卡(帳戶/持卡人)問題,hantulee,→,者只是打來確認購物網站會員和信用卡持有者是否同一人…,2015/11/09,19:47,,46
https://www.ptt.cc/bbs/creditcard/M.1446881904.A.D12.html,creditcard,kiki5203344,[閒聊]網購刷信用卡(帳戶/持卡人)問題,hantulee,→,現在網購不比以前只要填信用卡號就可通過現在一堆還需,2015/11/09,19:48,,47
https://www.ptt.cc/bbs/creditcard/M.1446881904.A.D12.html,creditcard,kiki5203344,[閒聊]網購刷信用卡(帳戶/持卡人)問題,hantulee,→,填持卡者姓名電話信用卡帳單地址等資料讓網購業者去確,2015/11/09,19:49,,48
https://www.ptt.cc/bbs/creditcard/M.1446881904.A.D12.html,creditcard,kiki5203344,[閒聊]網購刷信用卡(帳戶/持卡人)問題,hantulee,→,認是否真是持卡者有這筆消費…,2015/11/09,19:50,,49
https://www.ptt.cc/bbs/creditcard/M.1446881904.A.D12.html,creditcard,kiki5203344,[閒聊]網購刷信用卡(帳戶/持卡人)問題,lm4216,推,momo可以刷與帳號持有人不同名字的卡,2015/11/09,20:08,,50
https://www.ptt.cc/bbs/creditcard/M.1446881904.A.D12.html,creditcard,kiki5203344,[閒聊]網購刷信用卡(帳戶/持卡人)問題,lm4216,→,我們家買momo都是用同一個帳號,2015/11/09,20:08,,51
https://www.ptt.cc/bbs/creditcard/M.1446881904.A.D12.html,creditcard,kiki5203344,[閒聊]網購刷信用卡(帳戶/持卡人)問題,lm4216,→,刷了4個人的卡都有過,2015/11/09,20:08,,52
https://www.ptt.cc/bbs/creditcard/M.1446881904.A.D12.html,creditcard,kiki5203344,[閒聊]網購刷信用卡(帳戶/持卡人)問題,hantulee,→,樓上是好運被查出直接停權…,2015/11/09,20:10,,53
https://www.ptt.cc/bbs/creditcard/M.1446881904.A.D12.html,creditcard,kiki5203344,[閒聊]網購刷信用卡(帳戶/持卡人)問題,hantulee,推,2012年就討論過不少人在momo被停權…,2015/11/09,20:19,,54
https://www.ptt.cc/bbs/creditcard/M.1446874993.A.A9F.html,creditcard,Aquascutum,Re: [新聞] 赴日韓旅遊 信用卡優惠大放送,Aquascutum,POST,我有鑽金master和愛金jcb10月去日本之前有估過預算會超過2萬所以一路刷鑽金，可以刷卡的地方一律刷卡結算日的匯率大約0.27多扣完回饋實質匯率只剩0.26多我是沒去比較jcb的匯率是多少但是鑽金刷卡金額大還蠻有感的也不用像華南要湊滿萬有時候金額抓太緊匯率降一點可能就沒滿萬了題外話今年2月和10月去日本剛好都遇上鑽金加碼回饋3%就都一路刷卡也都很好運，完全沒碰到擋刷所有的地方都是一刷就過--,2015/11/7,13:43:11,223.139.53.183,0
https://www.ptt.cc/bbs/creditcard/M.1446874993.A.A9F.html,creditcard,Aquascutum,Re: [新聞] 赴日韓旅遊 信用卡優惠大放送,lkf822,推,剛去完日本也是一路刷鑽金到底....^^,2015/11/07,13:45,,1
https://www.ptt.cc/bbs/creditcard/M.1446874993.A.A9F.html,creditcard,Aquascutum,Re: [新聞] 赴日韓旅遊 信用卡優惠大放送,horusli,推,日本一路刷鑽金+1 超商刷卡超快速方便的,2015/11/07,14:21,,2
https://www.ptt.cc/bbs/creditcard/M.1446874993.A.A9F.html,creditcard,Aquascutum,Re: [新聞] 赴日韓旅遊 信用卡優惠大放送,minanron,推,我用華南JCBㄧ路回饋3.88%，當然若沒滿萬的就2.88%,2015/11/07,17:08,,3
https://www.ptt.cc/bbs/creditcard/M.1446874993.A.A9F.html,creditcard,Aquascutum,Re: [新聞] 赴日韓旅遊 信用卡優惠大放送,minanron,→,平均一定超過3%,2015/11/07,17:09,,4
https://www.ptt.cc/bbs/creditcard/M.1446874993.A.A9F.html,creditcard,Aquascutum,Re: [新聞] 赴日韓旅遊 信用卡優惠大放送,FWade,推,元大真的就怕擋刷而已XD,2015/11/07,17:42,,5
https://www.ptt.cc/bbs/creditcard/M.1446874993.A.A9F.html,creditcard,Aquascutum,Re: [新聞] 赴日韓旅遊 信用卡優惠大放送,cityand,推,元大visa要注意刷退手續費問題,2015/11/07,19:49,,6
https://www.ptt.cc/bbs/creditcard/M.1446874993.A.A9F.html,creditcard,Aquascutum,Re: [新聞] 赴日韓旅遊 信用卡優惠大放送,a0683g10,→,沒滿萬只有2%吧，雖然平均起來也有2.94%,2015/11/07,19:53,,7
https://www.ptt.cc/bbs/creditcard/M.1446874993.A.A9F.html,creditcard,Aquascutum,Re: [新聞] 赴日韓旅遊 信用卡優惠大放送,atb,推,華南還要國內消費滿$3000 真不阿沙力,2015/11/07,20:16,,8
https://www.ptt.cc/bbs/creditcard/M.1446874993.A.A9F.html,creditcard,Aquascutum,Re: [新聞] 赴日韓旅遊 信用卡優惠大放送,imjkg,→,國泰現金回饋 海外3%,2015/11/07,22:49,,9
https://www.ptt.cc/bbs/creditcard/M.1446874993.A.A9F.html,creditcard,Aquascutum,Re: [新聞] 赴日韓旅遊 信用卡優惠大放送,loveroll,推,鑽金日本刷卡一路順暢，不過要小心DCC,2015/11/07,23:25,,10
https://www.ptt.cc/bbs/creditcard/M.1446874993.A.A9F.html,creditcard,Aquascutum,Re: [新聞] 赴日韓旅遊 信用卡優惠大放送,colleenbaby,→,我是9月用華南JCB，少一點但3.2%安心刷,2015/11/08,00:30,,11
https://www.ptt.cc/bbs/creditcard/M.1446874993.A.A9F.html,creditcard,Aquascutum,Re: [新聞] 赴日韓旅遊 信用卡優惠大放送,colleenbaby,→,匯率比較起來也沒有輸鑽金太多，但是第四季就是鑽金,2015/11/08,00:31,,12
https://www.ptt.cc/bbs/creditcard/M.1446874993.A.A9F.html,creditcard,Aquascutum,Re: [新聞] 赴日韓旅遊 信用卡優惠大放送,colleenbaby,→,的天下無誤，年底出去還是帶元大M,2015/11/08,00:31,,13
https://www.ptt.cc/bbs/creditcard/M.1446874993.A.A9F.html,creditcard,Aquascutum,Re: [新聞] 赴日韓旅遊 信用卡優惠大放送,ganax,推,華南JCB匯率明明比鑽金好,2015/11/08,00:43,,14
https://www.ptt.cc/bbs/creditcard/M.1446874993.A.A9F.html,creditcard,Aquascutum,Re: [新聞] 赴日韓旅遊 信用卡優惠大放送,kaoru0423,推,我下週要去日本，最近再研究回饋，鑽金雖然是3%但剛,2015/11/08,05:33,,15
https://www.ptt.cc/bbs/creditcard/M.1446874993.A.A9F.html,creditcard,Aquascutum,Re: [新聞] 赴日韓旅遊 信用卡優惠大放送,kaoru0423,→,問客服是2萬以上的才3%比如我共刷兩萬五千，只有五千,2015/11/08,05:33,,16
https://www.ptt.cc/bbs/creditcard/M.1446874993.A.A9F.html,creditcard,Aquascutum,Re: [新聞] 赴日韓旅遊 信用卡優惠大放送,kaoru0423,→,元是回饋3%兩萬只回饋原本的2.2%，這樣的話我刷永豐卡,2015/11/08,05:33,,17
https://www.ptt.cc/bbs/creditcard/M.1446874993.A.A9F.html,creditcard,Aquascutum,Re: [新聞] 赴日韓旅遊 信用卡優惠大放送,kaoru0423,→,，登錄活動滿一萬就有2.5%回饋是不是比較好啊？,2015/11/08,05:33,,18
https://www.ptt.cc/bbs/creditcard/M.1446874993.A.A9F.html,creditcard,Aquascutum,Re: [新聞] 赴日韓旅遊 信用卡優惠大放送,bigmercury,推,出去玩的話  其實免手續+小小回饋已經厲害了,2015/11/08,09:23,,19
https://www.ptt.cc/bbs/creditcard/M.1446874993.A.A9F.html,creditcard,Aquascutum,Re: [新聞] 赴日韓旅遊 信用卡優惠大放送,DUKEYANG,推,鑽金出現前 除了JCB日本免手續費 應該沒有回饋率,2015/11/08,11:10,,20
https://www.ptt.cc/bbs/creditcard/M.1446874993.A.A9F.html,creditcard,Aquascutum,Re: [新聞] 赴日韓旅遊 信用卡優惠大放送,DUKEYANG,→,大於結匯手續費的一般卡吧 現在已經雨後春筍了,2015/11/08,11:11,,21
https://www.ptt.cc/bbs/creditcard/M.1446874993.A.A9F.html,creditcard,Aquascutum,Re: [新聞] 赴日韓旅遊 信用卡優惠大放送,reinstall,→,JCB日本免手續費???,2015/11/08,20:10,,22
https://www.ptt.cc/bbs/creditcard/M.1446874993.A.A9F.html,creditcard,Aquascutum,Re: [新聞] 赴日韓旅遊 信用卡優惠大放送,virus2058,推,鑽金出現前明明就有啊...用很久了,2015/11/09,02:16,,23
https://www.ptt.cc/bbs/creditcard/M.1446874993.A.A9F.html,creditcard,Aquascutum,Re: [新聞] 赴日韓旅遊 信用卡優惠大放送,Kayusumi,→,我上次去用彰銀的，不過回饋金分好幾次給，有點麻煩,2015/11/09,09:40,,24
https://www.ptt.cc/bbs/creditcard/M.1446874993.A.A9F.html,creditcard,Aquascutum,Re: [新聞] 赴日韓旅遊 信用卡優惠大放送,littleVM,推,現在去日本華南超現JCB還有3.88%嗎? 活動結束了吧?,2015/11/09,10:23,,25
https://www.ptt.cc/bbs/creditcard/M.1446874993.A.A9F.html,creditcard,Aquascutum,Re: [新聞] 赴日韓旅遊 信用卡優惠大放送,wesleyh,推,3.88%的活動只到9/30而已,2015/11/09,11:07,,26
https://www.ptt.cc/bbs/creditcard/M.1446874993.A.A9F.html,creditcard,Aquascutum,Re: [新聞] 赴日韓旅遊 信用卡優惠大放送,minanron,推,到年底吧,2015/11/09,13:20,,27
https://www.ptt.cc/bbs/creditcard/M.1446874993.A.A9F.html,creditcard,Aquascutum,Re: [新聞] 赴日韓旅遊 信用卡優惠大放送,nuc1earsub,推,JCB 免手續費是說聯邦 &#34;幸福御守J&#34; 那張吧,2015/11/10,01:18,,28
https://www.ptt.cc/bbs/creditcard/M.1446874993.A.A9F.html,creditcard,Aquascutum,Re: [新聞] 赴日韓旅遊 信用卡優惠大放送,DUKEYANG,推,N年前的普遍活動了 當時日幣刷JCB都不用手續費,2015/11/10,22:19,,29
https://www.ptt.cc/bbs/creditcard/M.1446873674.A.89F.html,creditcard,echo24,[問題] 預借現金一問,echo24,POST,最近動了小額預借現金的念頭，故想請教大家一下。若我這期預借現金3000元整，金額不大，所以下一期自然繳清了本金3000，以及手續費205，共3205元這樣是我最終所要繳的金額嗎?像我這樣的下期即刻繳清，是否會有循環利息的問題?謝謝。--,2015/11/7,13:21:12,114.46.181.12,0
https://www.ptt.cc/bbs/creditcard/M.1446873674.A.89F.html,creditcard,echo24,[問題] 預借現金一問,march0331,推,不會,2015/11/07,13:31,,1
https://www.ptt.cc/bbs/creditcard/M.1446873333.A.836.html,creditcard,cinqtrois,[問題] 國外網站購物OTP密碼簡訊收不到,cinqtrois,POST,目前人在國外，想要在網路上買機票回台灣，用的卡是花旗饗樂卡，但刷卡時系統表示需要輸入OTP動態密碼驗證，但我出國前已經把手機漫遊功能關閉，因此收不到任何簡訊。請問還有其他方法可以買嗎？先謝謝大家了！--,2015/11/7,13:15:31,113.88.120.4,0
https://www.ptt.cc/bbs/creditcard/M.1446873333.A.836.html,creditcard,cinqtrois,[問題] 國外網站購物OTP密碼簡訊收不到,changer,推,用skype打0800跟客服說你的狀況可以從後台幫忙看,2015/11/07,13:52,,1
https://www.ptt.cc/bbs/creditcard/M.1446873333.A.836.html,creditcard,cinqtrois,[問題] 國外網站購物OTP密碼簡訊收不到,ytls,→,請其他人在台灣的人幫忙,2015/11/07,21:17,,2
https://www.ptt.cc/bbs/creditcard/M.1446873333.A.836.html,creditcard,cinqtrois,[問題] 國外網站購物OTP密碼簡訊收不到,ganax,推,中華電信可以設定簡訊轉接到E-Mail，用e-mail來看簡訊,2015/11/07,21:52,,3
https://www.ptt.cc/bbs/creditcard/M.1446873333.A.836.html,creditcard,cinqtrois,[問題] 國外網站購物OTP密碼簡訊收不到,vorstehen,→,感謝你提醒大家別做那麼蠢的事,2015/11/07,22:19,,4
https://www.ptt.cc/bbs/creditcard/M.1446873333.A.836.html,creditcard,cinqtrois,[問題] 國外網站購物OTP密碼簡訊收不到,fruitnba,推,要設定簡訊轉接只能出國前自己設定. 網路或客服都不行,2015/11/08,00:10,,5
https://www.ptt.cc/bbs/creditcard/M.1446873333.A.836.html,creditcard,cinqtrois,[問題] 國外網站購物OTP密碼簡訊收不到,ganax,推,網路可以啊，10月底才試過，emome直接可設定,2015/11/08,00:11,,6
https://www.ptt.cc/bbs/creditcard/M.1446873333.A.836.html,creditcard,cinqtrois,[問題] 國外網站購物OTP密碼簡訊收不到,onedollar,推,網路漫遊關閉跟收簡訊是2件事~,2015/11/12,00:08,,7
https://www.ptt.cc/bbs/creditcard/M.1446873216.A.25C.html,creditcard,merlin761001,[心得] 元大鑽金核卡,merlin761001,POST,[申請卡別]：元大鑽金卡[職業類別]：科技業[工作年資]：3年[年齡]：28歲[年收入]：80萬[提供之財力證明]：三個月薪轉[是否貸款]：無[核卡額度]：18萬[三個月內有無辦卡]：NO[已持有信用卡與額度]：花旗現金回饋白金饗樂 44.1萬                      華南旅鑽無限超現JCB and master 25萬                      國泰play悠遊Costco聯名卡 15萬                      中信寰遊AE 14萬[心得]：10/21 分行辦理10/30 照會11/5 查詢核卡照會時有先打手機確認是否人在公司是否可以撥公司電話確認是否在職感覺審核得很仔細~申請到核卡需要一段時間~以上經驗提供參考--,2015/11/7,13:13:34,1.164.198.218,0
https://www.ptt.cc/bbs/creditcard/M.1446873216.A.25C.html,creditcard,merlin761001,[心得] 元大鑽金核卡,monHHH,→,這心得..,2015/11/07,13:38,,1
https://www.ptt.cc/bbs/creditcard/M.1446873216.A.25C.html,creditcard,merlin761001,[心得] 元大鑽金核卡,merlin761001,REPLY,"<span class=""f2"">※ 編輯: merlin761001 (1.164.198.218) 11/07/2015 13:44:29",2015/11/7,,,2
https://www.ptt.cc/bbs/creditcard/M.1446873216.A.25C.html,creditcard,merlin761001,[心得] 元大鑽金核卡,libra,推,雖然覺得心得很瞎，但額度還不錯，還是恭喜啦～,2015/11/07,15:17,,3
https://www.ptt.cc/bbs/creditcard/M.1446872783.A.8E2.html,creditcard,luuluu,[問題] 餐廳優惠是要辦花旗系列卡還是花旗饗樂卡,luuluu,POST,不看電影/怕坐飛機   倒是常吃餐廳/外食   最常遇到的優惠卡種就是花旗但嫌麻煩沒去花旗辦卡   最近發現其實住家附近有花旗銀行就興起辦卡念頭畢竟太常遇到餐廳詢問花旗卡了   手上有      台新賓士卡/新光無限/玉山世界/元大鑽金and 樂遊/聯邦/富邦財神/      台新新光三越and鈦金/國泰世華sogo聯名/中信/永豐x2....等很多所以錢包非常重   台新賓士/新光無限 ----&gt; 用來市區停車   聯邦/元大金鑽   ------&gt; 現金回饋   主要是想針對餐廳優惠的部分   請板友推薦花旗的卡種要辦哪一張!!!   (主要是多個餐廳可以優惠折扣 若能順便現金回饋也不錯)--,2015/11/7,13:06:20,114.42.68.29,0
https://www.ptt.cc/bbs/creditcard/M.1446872783.A.8E2.html,creditcard,luuluu,[問題] 餐廳優惠是要辦花旗系列卡還是花旗饗樂卡,luuluu,→,已爬文 看不出差異,2015/11/07,13:13,,1
https://www.ptt.cc/bbs/creditcard/M.1446872783.A.8E2.html,creditcard,luuluu,[問題] 餐廳優惠是要辦花旗系列卡還是花旗饗樂卡,Kyosera,推,…,2015/11/07,14:29,,2
https://www.ptt.cc/bbs/creditcard/M.1446872783.A.8E2.html,creditcard,luuluu,[問題] 餐廳優惠是要辦花旗系列卡還是花旗饗樂卡,linpttptt,→,1.列出最常吃的餐廳 2.看有哪些信用卡配合優惠 3.檢視,2015/11/07,14:44,,3
https://www.ptt.cc/bbs/creditcard/M.1446872783.A.8E2.html,creditcard,luuluu,[問題] 餐廳優惠是要辦花旗系列卡還是花旗饗樂卡,linpttptt,→,自己的卡片 4.餐廳有配合的卡片你沒有就辦一張,2015/11/07,14:44,,4
https://www.ptt.cc/bbs/creditcard/M.1446872783.A.8E2.html,creditcard,luuluu,[問題] 餐廳優惠是要辦花旗系列卡還是花旗饗樂卡,linpttptt,→,也可以每家銀行都辦,2015/11/07,14:45,,5
https://www.ptt.cc/bbs/creditcard/M.1446872783.A.8E2.html,creditcard,luuluu,[問題] 餐廳優惠是要辦花旗系列卡還是花旗饗樂卡,xu33,推,常吃王品就饗樂卡，不然就隨便辦一張,2015/11/07,15:19,,6
https://www.ptt.cc/bbs/creditcard/M.1446872783.A.8E2.html,creditcard,luuluu,[問題] 餐廳優惠是要辦花旗系列卡還是花旗饗樂卡,gctseng,推,除了生日之外，饗樂卡也不過多送點小東西，沒啥特別。,2015/11/07,15:30,,7
https://www.ptt.cc/bbs/creditcard/M.1446872783.A.8E2.html,creditcard,luuluu,[問題] 餐廳優惠是要辦花旗系列卡還是花旗饗樂卡,yeti,推,最好用的餐廳卡您手上就有一張,2015/11/07,15:58,,8
https://www.ptt.cc/bbs/creditcard/M.1446872783.A.8E2.html,creditcard,luuluu,[問題] 餐廳優惠是要辦花旗系列卡還是花旗饗樂卡,santorini,→,把饗樂想成王品聯名就知道你需要什麼了,2015/11/07,19:57,,9
https://www.ptt.cc/bbs/creditcard/M.1446872783.A.8E2.html,creditcard,luuluu,[問題] 餐廳優惠是要辦花旗系列卡還是花旗饗樂卡,hantulee,→,遠銀有張飲食男女卡可以參考看看…,2015/11/07,20:00,,10
https://www.ptt.cc/bbs/creditcard/M.1446872783.A.8E2.html,creditcard,luuluu,[問題] 餐廳優惠是要辦花旗系列卡還是花旗饗樂卡,luuluu,→,台新賓士不錯  好像去12廚還是六福威斯汀有七五折or八五折,2015/11/07,20:56,,11
https://www.ptt.cc/bbs/creditcard/M.1446872783.A.8E2.html,creditcard,luuluu,[問題] 餐廳優惠是要辦花旗系列卡還是花旗饗樂卡,luuluu,→,但錢包已經很重了....,2015/11/07,20:58,,12
https://www.ptt.cc/bbs/creditcard/M.1446872783.A.8E2.html,creditcard,luuluu,[問題] 餐廳優惠是要辦花旗系列卡還是花旗饗樂卡,luuluu,→,卡片很硬  常常戳破錢包....,2015/11/07,20:59,,13
https://www.ptt.cc/bbs/creditcard/M.1446872783.A.8E2.html,creditcard,luuluu,[問題] 餐廳優惠是要辦花旗系列卡還是花旗饗樂卡,leocc70,推,我也是跟你一樣覺得錢包好重，短夾就八卡，裝滿放褲子後,2015/11/07,21:12,,14
https://www.ptt.cc/bbs/creditcard/M.1446872783.A.8E2.html,creditcard,luuluu,[問題] 餐廳優惠是要辦花旗系列卡還是花旗饗樂卡,leocc70,→,面又容易變形,2015/11/07,21:12,,15
https://www.ptt.cc/bbs/creditcard/M.1446872783.A.8E2.html,creditcard,luuluu,[問題] 餐廳優惠是要辦花旗系列卡還是花旗饗樂卡,ytls,→,餐廳的話，我推AE大白,2015/11/07,21:19,,16
https://www.ptt.cc/bbs/creditcard/M.1446872783.A.8E2.html,creditcard,luuluu,[問題] 餐廳優惠是要辦花旗系列卡還是花旗饗樂卡,leocc70,推,賓士吃的沒啥優惠，我只拿來停車，王品那張都沒差，能集,2015/11/07,21:24,,17
https://www.ptt.cc/bbs/creditcard/M.1446872783.A.8E2.html,creditcard,luuluu,[問題] 餐廳優惠是要辦花旗系列卡還是花旗饗樂卡,leocc70,→,點的就去王品可折抵錢,2015/11/07,21:24,,18
https://www.ptt.cc/bbs/creditcard/M.1446872783.A.8E2.html,creditcard,luuluu,[問題] 餐廳優惠是要辦花旗系列卡還是花旗饗樂卡,leocc70,推,看你的卡，找個國泰行員辦張世界卡吃的蠻多優惠，若想繳,2015/11/07,21:32,,19
https://www.ptt.cc/bbs/creditcard/M.1446872783.A.8E2.html,creditcard,luuluu,[問題] 餐廳優惠是要辦花旗系列卡還是花旗饗樂卡,leocc70,→,年費就AE囉,2015/11/07,21:32,,20
https://www.ptt.cc/bbs/creditcard/M.1446872783.A.8E2.html,creditcard,luuluu,[問題] 餐廳優惠是要辦花旗系列卡還是花旗饗樂卡,ytls,→,餐廳的話，基本上我只看5折的優惠，所以目前我是用大白+玉山,2015/11/07,22:37,,21
https://www.ptt.cc/bbs/creditcard/M.1446872783.A.8E2.html,creditcard,luuluu,[問題] 餐廳優惠是要辦花旗系列卡還是花旗饗樂卡,ytls,→,世界+我太太的Costco無限，來當飯卡,2015/11/07,22:38,,22
https://www.ptt.cc/bbs/creditcard/M.1446872783.A.8E2.html,creditcard,luuluu,[問題] 餐廳優惠是要辦花旗系列卡還是花旗饗樂卡,luuluu,→,我怎麼印象玉山世界餐廳很難用?當初是辦for babyboss,2015/11/07,23:02,,23
https://www.ptt.cc/bbs/creditcard/M.1446872783.A.8E2.html,creditcard,luuluu,[問題] 餐廳優惠是要辦花旗系列卡還是花旗饗樂卡,luuluu,→,+ 家人出國保險額度很不錯,2015/11/07,23:03,,24
https://www.ptt.cc/bbs/creditcard/M.1446872783.A.8E2.html,creditcard,luuluu,[問題] 餐廳優惠是要辦花旗系列卡還是花旗饗樂卡,luuluu,→,目前costco無限看起來不錯花旗就先辦現金白金+饗樂卡雖,2015/11/07,23:08,,25
https://www.ptt.cc/bbs/creditcard/M.1446872783.A.8E2.html,creditcard,luuluu,[問題] 餐廳優惠是要辦花旗系列卡還是花旗饗樂卡,luuluu,→,然錢包裡面健保卡圖書證會員卡哩哩摳摳已經大概三四十張卡,2015/11/07,23:09,,26
https://www.ptt.cc/bbs/creditcard/M.1446872783.A.8E2.html,creditcard,luuluu,[問題] 餐廳優惠是要辦花旗系列卡還是花旗饗樂卡,luuluu,→,超級  無敵  重,2015/11/07,23:09,,27
https://www.ptt.cc/bbs/creditcard/M.1446872783.A.8E2.html,creditcard,luuluu,[問題] 餐廳優惠是要辦花旗系列卡還是花旗饗樂卡,abudi717,推,有些可以報電話的卡就不用帶了吧~~,2015/11/07,23:16,,28
https://www.ptt.cc/bbs/creditcard/M.1446872783.A.8E2.html,creditcard,luuluu,[問題] 餐廳優惠是要辦花旗系列卡還是花旗饗樂卡,ytls,→,我玉山世界用過月眉福容、日月千禧、嘉義耐斯王子，親友用過,2015/11/08,00:22,,29
https://www.ptt.cc/bbs/creditcard/M.1446872783.A.8E2.html,creditcard,luuluu,[問題] 餐廳優惠是要辦花旗系列卡還是花旗饗樂卡,ytls,→,新竹喜來登、桂田、雲林劍湖山王子，都還不錯呀,2015/11/08,00:23,,30
https://www.ptt.cc/bbs/creditcard/M.1446872783.A.8E2.html,creditcard,luuluu,[問題] 餐廳優惠是要辦花旗系列卡還是花旗饗樂卡,ytls,→,難用的點是在什麼地方呢？而且玉山世界正附卡可以同時優惠，,2015/11/08,00:25,,31
https://www.ptt.cc/bbs/creditcard/M.1446872783.A.8E2.html,creditcard,luuluu,[問題] 餐廳優惠是要辦花旗系列卡還是花旗饗樂卡,ytls,→,AE大白一次只能用一張，玉山世界給附卡的優惠比較有誠意,2015/11/08,00:25,,32
https://www.ptt.cc/bbs/creditcard/M.1446872783.A.8E2.html,creditcard,luuluu,[問題] 餐廳優惠是要辦花旗系列卡還是花旗饗樂卡,leocc70,→,可能玉山世界上的餐廳，版主不愛吧，但他有角字號，山姆,2015/11/08,08:11,,33
https://www.ptt.cc/bbs/creditcard/M.1446872783.A.8E2.html,creditcard,luuluu,[問題] 餐廳優惠是要辦花旗系列卡還是花旗饗樂卡,leocc70,→,史戴克生日5折，我覺得很划算,2015/11/08,08:11,,34
https://www.ptt.cc/bbs/creditcard/M.1446872783.A.8E2.html,creditcard,luuluu,[問題] 餐廳優惠是要辦花旗系列卡還是花旗饗樂卡,luuluu,→,應該是我很少出北部吧  北部點比較少,2015/11/08,09:25,,35
https://www.ptt.cc/bbs/creditcard/M.1446872783.A.8E2.html,creditcard,luuluu,[問題] 餐廳優惠是要辦花旗系列卡還是花旗饗樂卡,luuluu,→,光是健保卡我錢包裡就四張...還能不重嗎?還有行照駕照..我,2015/11/08,09:44,,36
https://www.ptt.cc/bbs/creditcard/M.1446872783.A.8E2.html,creditcard,luuluu,[問題] 餐廳優惠是要辦花旗系列卡還是花旗饗樂卡,luuluu,→,是使用機率5%(重要事務)~15%(不太重要)以上的卡不帶不安心,2015/11/08,09:46,,37
https://www.ptt.cc/bbs/creditcard/M.1446872783.A.8E2.html,creditcard,luuluu,[問題] 餐廳優惠是要辦花旗系列卡還是花旗饗樂卡,luuluu,→,等一下  健保卡四張是包含我小孩的,2015/11/08,09:47,,38
https://www.ptt.cc/bbs/creditcard/M.1446872783.A.8E2.html,creditcard,luuluu,[問題] 餐廳優惠是要辦花旗系列卡還是花旗饗樂卡,operatorm,→,我家玉山世界從淡水褔容吃到義大天悅，買1送1超讚的。(,2015/11/08,09:50,,39
https://www.ptt.cc/bbs/creditcard/M.1446872783.A.8E2.html,creditcard,luuluu,[問題] 餐廳優惠是要辦花旗系列卡還是花旗饗樂卡,operatorm,→,天悅還有把費單點餐，現炒的道道讚嘆XD，遊墾丁刷花旗,2015/11/08,09:50,,40
https://www.ptt.cc/bbs/creditcard/M.1446872783.A.8E2.html,creditcard,luuluu,[問題] 餐廳優惠是要辦花旗系列卡還是花旗饗樂卡,operatorm,→,超紅旅遊族+富邦福華卡帶去備用。,2015/11/08,09:50,,41
https://www.ptt.cc/bbs/creditcard/M.1446872783.A.8E2.html,creditcard,luuluu,[問題] 餐廳優惠是要辦花旗系列卡還是花旗饗樂卡,luuluu,→,我是使用短夾耶  可以容納四十幾張硬卡   不太想換長夾,2015/11/08,09:53,,42
https://www.ptt.cc/bbs/creditcard/M.1446872783.A.8E2.html,creditcard,luuluu,[問題] 餐廳優惠是要辦花旗系列卡還是花旗饗樂卡,luuluu,→,富邦福華卡我也超愛的,2015/11/08,09:54,,43
https://www.ptt.cc/bbs/creditcard/M.1446872783.A.8E2.html,creditcard,luuluu,[問題] 餐廳優惠是要辦花旗系列卡還是花旗饗樂卡,luuluu,→,我那短夾的奇觀  有時候櫃檯付帳時小姐會微瞄一下  (哭),2015/11/08,09:56,,44
https://www.ptt.cc/bbs/creditcard/M.1446872783.A.8E2.html,creditcard,luuluu,[問題] 餐廳優惠是要辦花旗系列卡還是花旗饗樂卡,operatorm,→,我2本皮夾，旅遊多帶1本皮夾(可多塞30張卡片)，玩遊樂,2015/11/08,09:59,,45
https://www.ptt.cc/bbs/creditcard/M.1446872783.A.8E2.html,creditcard,luuluu,[問題] 餐廳優惠是要辦花旗系列卡還是花旗饗樂卡,operatorm,→,場就多辦幾張正/副卡(大眾樂享愛金/樂享晶緻)去買1送1,2015/11/08,09:59,,46
https://www.ptt.cc/bbs/creditcard/M.1446872783.A.8E2.html,creditcard,luuluu,[問題] 餐廳優惠是要辦花旗系列卡還是花旗饗樂卡,operatorm,→,。,2015/11/08,09:59,,47
https://www.ptt.cc/bbs/creditcard/M.1446872783.A.8E2.html,creditcard,luuluu,[問題] 餐廳優惠是要辦花旗系列卡還是花旗饗樂卡,operatorm,→,出去玩吃飯店把費，國泰/中信/花旗這3間有合作打9折居,2015/11/08,10:07,,48
https://www.ptt.cc/bbs/creditcard/M.1446872783.A.8E2.html,creditcard,luuluu,[問題] 餐廳優惠是要辦花旗系列卡還是花旗饗樂卡,operatorm,→,多美運特約在85折以下。玉山要特約才有買1送1，遊墾丁,2015/11/08,10:07,,49
https://www.ptt.cc/bbs/creditcard/M.1446872783.A.8E2.html,creditcard,luuluu,[問題] 餐廳優惠是要辦花旗系列卡還是花旗饗樂卡,operatorm,→,帶上富邦福華8折。(若沒得選的話,2015/11/08,10:07,,50
https://www.ptt.cc/bbs/creditcard/M.1446869528.A.8A5.html,creditcard,SmallBeeWayn,Re: [新聞] 赴日韓旅遊 信用卡優惠大放送,SmallBeeWayn,POST,因為十二月初要去日本，所以自己做了張表格比較https://goo.gl/tvB55M有兩張表支出額: 以日幣價格為橫軸，相較於元大愛金JCB的台幣支付差額為縱軸匯率參考&#34;快易理財網&#34;(不定期更新)回饋率: 純粹照回饋額的表目前主要比較四張卡:元大愛金JCB         日本無腦刷2%元大鑽金Master      日本刷兩萬以上3%以下2.2%華南超現JCB         基本1%每滿萬元額外回饋188元http://www.hncb.com.tw/credit/campaign/10403_cardrebate/10403_cardrebate.pdf        華南還有表上未列的抽獎活動 http://goo.gl/iQUyCn        所以實際回饋更高一點永豐不限(我用VISA)  日本刷一萬以上2.5% 20萬以上3.5%https://card.sinopac.com/Activity/ActivityDetail/922歡迎版友提供其他卡種信息=========這張表我大概觀察了兩個月大致來說，超現J大額都贏，但永豐VISA偶爾接近元大因為Master的匯率一直都比V&amp;J差所以通常最後一名，常常連自家愛金J 2%都輸另外Master官方匯率不更新很久了，有人知道怎麼了嗎?https://www.mastercard.com/global/currencyconversion/至於用現金，光是現金vs即期的差距就徹底輸掉了--   單選題: 請問...從天上掉下來的是？           1.魔法國    2.隕石   3.來自未來的少女   4.娛樂用人型天使--,2015/11/7,12:12:04,59.115.181.175,0
https://www.ptt.cc/bbs/creditcard/M.1446869528.A.8A5.html,creditcard,SmallBeeWayn,Re: [新聞] 赴日韓旅遊 信用卡優惠大放送,nopasanada,→,元大mastercard有一個好處退款會退手續費至於官方匯,2015/11/07,12:36,,1
https://www.ptt.cc/bbs/creditcard/M.1446869528.A.8A5.html,creditcard,SmallBeeWayn,Re: [新聞] 赴日韓旅遊 信用卡優惠大放送,nopasanada,→,率是適用其他的網域或伺服器試試看他好像會儲存之前,2015/11/07,12:37,,2
https://www.ptt.cc/bbs/creditcard/M.1446869528.A.8A5.html,creditcard,SmallBeeWayn,Re: [新聞] 赴日韓旅遊 信用卡優惠大放送,nopasanada,→,瀏覽紀錄所以會造成一直看到匯率沒有更新的狀況,2015/11/07,12:37,,3
https://www.ptt.cc/bbs/creditcard/M.1446869528.A.8A5.html,creditcard,SmallBeeWayn,Re: [新聞] 赴日韓旅遊 信用卡優惠大放送,includestdio,推,請問國泰現金回饋登錄的3%呢？,2015/11/07,14:25,,4
https://www.ptt.cc/bbs/creditcard/M.1446869528.A.8A5.html,creditcard,SmallBeeWayn,Re: [新聞] 赴日韓旅遊 信用卡優惠大放送,SmallBeeWayn,REPLY,已加入比較，感謝資訊提供,2015/11/7,,,5
https://www.ptt.cc/bbs/creditcard/M.1446869528.A.8A5.html,creditcard,SmallBeeWayn,Re: [新聞] 赴日韓旅遊 信用卡優惠大放送,brianhsu1009,推,JCB在京都和東京都可再抽獎，抽到500日圓的機率算大,2015/11/07,14:32,,6
https://www.ptt.cc/bbs/creditcard/M.1446869528.A.8A5.html,creditcard,SmallBeeWayn,Re: [新聞] 赴日韓旅遊 信用卡優惠大放送,brianhsu1009,→,，對我來說回饋率又更高,2015/11/07,14:32,,7
https://www.ptt.cc/bbs/creditcard/M.1446869528.A.8A5.html,creditcard,SmallBeeWayn,Re: [新聞] 赴日韓旅遊 信用卡優惠大放送,BabyWolf,推,若六千到一萬可以考慮大眾樂享晶緻2% 門檻低停車優惠佳,2015/11/07,14:37,,8
https://www.ptt.cc/bbs/creditcard/M.1446869528.A.8A5.html,creditcard,SmallBeeWayn,Re: [新聞] 赴日韓旅遊 信用卡優惠大放送,wljung,→,在日本匯率不是m比v好嗎？,2015/11/07,14:55,,9
https://www.ptt.cc/bbs/creditcard/M.1446869528.A.8A5.html,creditcard,SmallBeeWayn,Re: [新聞] 赴日韓旅遊 信用卡優惠大放送,SmallBeeWayn,REPLY,有網站連結嗎?,2015/11/7,,,10
https://www.ptt.cc/bbs/creditcard/M.1446869528.A.8A5.html,creditcard,SmallBeeWayn,Re: [新聞] 赴日韓旅遊 信用卡優惠大放送,davi0129,推,華南還有滿12k或5筆888活動可以抽現金回饋,2015/11/07,15:32,,11
https://www.ptt.cc/bbs/creditcard/M.1446869528.A.8A5.html,creditcard,SmallBeeWayn,Re: [新聞] 赴日韓旅遊 信用卡優惠大放送,SmallBeeWayn,REPLY,加了註釋,2015/11/7,,,12
https://www.ptt.cc/bbs/creditcard/M.1446869528.A.8A5.html,creditcard,SmallBeeWayn,Re: [新聞] 赴日韓旅遊 信用卡優惠大放送,acer1019,推,請問ANZ澳盛的現金5%加入比較是不是會比元大愛金好呢?,2015/11/07,15:57,,13
https://www.ptt.cc/bbs/creditcard/M.1446869528.A.8A5.html,creditcard,SmallBeeWayn,Re: [新聞] 赴日韓旅遊 信用卡優惠大放送,SmallBeeWayn,REPLY,我只查到這兩種,2015/11/7,,,14
https://www.ptt.cc/bbs/creditcard/M.1446869528.A.8A5.html,creditcard,SmallBeeWayn,Re: [新聞] 赴日韓旅遊 信用卡優惠大放送,davi0129,→,http://goo.gl/iQUyCn 華南588活動,2015/11/07,16:33,,15
https://www.ptt.cc/bbs/creditcard/M.1446869528.A.8A5.html,creditcard,SmallBeeWayn,Re: [新聞] 赴日韓旅遊 信用卡優惠大放送,davi0129,→,888活動才對,2015/11/07,16:34,,16
https://www.ptt.cc/bbs/creditcard/M.1446869528.A.8A5.html,creditcard,SmallBeeWayn,Re: [新聞] 赴日韓旅遊 信用卡優惠大放送,davi0129,→,至少抽到0.38 所以超現最低可拿到2.88+0.38,2015/11/07,16:35,,17
https://www.ptt.cc/bbs/creditcard/M.1446869528.A.8A5.html,creditcard,SmallBeeWayn,Re: [新聞] 赴日韓旅遊 信用卡優惠大放送,SmallBeeWayn,REPLY,"<span class=""f2"">※ 編輯: SmallBeeWayn (59.115.181.175) 11/07/2015 16:41:17",2015/11/7,,,18
https://www.ptt.cc/bbs/creditcard/M.1446869528.A.8A5.html,creditcard,SmallBeeWayn,Re: [新聞] 赴日韓旅遊 信用卡優惠大放送,VJR,推,大眾icash JCB那張如果刷25000左右應該也不錯吧？,2015/11/07,22:47,,19
https://www.ptt.cc/bbs/creditcard/M.1446869528.A.8A5.html,creditcard,SmallBeeWayn,Re: [新聞] 赴日韓旅遊 信用卡優惠大放送,SmallBeeWayn,REPLY,大眾樂享JCB的日本活動是7~9月，常態性回饋只有2%,2015/11/7,,,20
https://www.ptt.cc/bbs/creditcard/M.1446869528.A.8A5.html,creditcard,SmallBeeWayn,Re: [新聞] 赴日韓旅遊 信用卡優惠大放送,CanvasChen,推,推圖表整理 很清楚!,2015/11/07,22:55,,21
https://www.ptt.cc/bbs/creditcard/M.1446869528.A.8A5.html,creditcard,SmallBeeWayn,Re: [新聞] 赴日韓旅遊 信用卡優惠大放送,CanvasChen,推,不過不曉得日本網購哪一張算起來好. 之前沒想過匯率..,2015/11/07,22:58,,22
https://www.ptt.cc/bbs/creditcard/M.1446869528.A.8A5.html,creditcard,SmallBeeWayn,Re: [新聞] 赴日韓旅遊 信用卡優惠大放送,zhen10,推,元大愛金在海外也是滿三千自動分期囉？,2015/11/07,23:39,,23
https://www.ptt.cc/bbs/creditcard/M.1446869528.A.8A5.html,creditcard,SmallBeeWayn,Re: [新聞] 赴日韓旅遊 信用卡優惠大放送,SmallBeeWayn,REPLY,"<span class=""f2"">※ 編輯: SmallBeeWayn (59.115.181.175) 11/07/2015 23:45:07",2015/11/7,,,24
https://www.ptt.cc/bbs/creditcard/M.1446869528.A.8A5.html,creditcard,SmallBeeWayn,Re: [新聞] 赴日韓旅遊 信用卡優惠大放送,lilicoco777,→,VISA匯率不是向來最差?,2015/11/09,10:10,,25
https://www.ptt.cc/bbs/creditcard/M.1446869528.A.8A5.html,creditcard,SmallBeeWayn,Re: [新聞] 赴日韓旅遊 信用卡優惠大放送,FallwinDs,推,11/5 visa匯率0.2681 mastercard匯率0.2674,2015/11/09,16:19,,26
https://www.ptt.cc/bbs/creditcard/M.1446869528.A.8A5.html,creditcard,SmallBeeWayn,Re: [新聞] 赴日韓旅遊 信用卡優惠大放送,FallwinDs,→,11/5  台銀即期匯率0.2681  jcb似乎沒有公佈每日匯率,2015/11/09,16:20,,27
https://www.ptt.cc/bbs/creditcard/M.1446869528.A.8A5.html,creditcard,SmallBeeWayn,Re: [新聞] 赴日韓旅遊 信用卡優惠大放送,BabyWolf,推,www.tcbank.com.tw/Activity/CreditCard/new20151101/,2015/11/11,00:14,,28
https://www.ptt.cc/bbs/creditcard/M.1446869528.A.8A5.html,creditcard,SmallBeeWayn,Re: [新聞] 赴日韓旅遊 信用卡優惠大放送,BabyWolf,→,今天再看 大眾海外最高4.1的活動又從新開始囉~~,2015/11/11,00:15,,29
